jornada,match,result,liga
https://resultados.as.com/resultados/futbol/primera/2017_2018/jornada/regular_a_8/,Espanyol - Levante en directo,0 - 0,primera
https://resultados.as.com/resultados/futbol/primera/2017_2018/jornada/regular_a_8/,Alavés - R. Sociedad en directo,0 - 2,primera
https://resultados.as.com/resultados/futbol/primera/2017_2018/jornada/regular_a_8/,Athletic - Sevilla en directo,1 - 0,primera
https://resultados.as.com/resultados/futbol/primera/2017_2018/jornada/regular_a_8/,Atlético - Barcelona en directo,1 - 1,primera
https://resultados.as.com/resultados/futbol/primera/2017_2018/jornada/regular_a_8/,Getafe - Real Madrid en directo,1 - 2,primera
https://resultados.as.com/resultados/futbol/primera/2017_2018/jornada/regular_a_8/,Eibar - Deportivo en directo,0 - 0,primera
https://resultados.as.com/resultados/futbol/primera/2017_2018/jornada/regular_a_8/,Girona - Villarreal en directo,1 - 2,primera
https://resultados.as.com/resultados/futbol/primera/2017_2018/jornada/regular_a_8/,Málaga - Leganés en directo,0 - 2,primera
https://resultados.as.com/resultados/futbol/primera/2017_2018/jornada/regular_a_8/,Betis - Valencia en directo,3 - 6,primera
https://resultados.as.com/resultados/futbol/primera/2017_2018/jornada/regular_a_8/,Las Palmas - Celta en directo,2 - 5,primera
https://resultados.as.com/resultados/futbol/primera/2017_2018/jornada/regular_a_4/,Eibar - Leganés en directo,1 - 0,primera
https://resultados.as.com/resultados/futbol/primera/2017_2018/jornada/regular_a_4/,Atlético - Málaga en directo,1 - 0,primera
https://resultados.as.com/resultados/futbol/primera/2017_2018/jornada/regular_a_4/,Getafe - Barcelona en directo,1 - 2,primera
https://resultados.as.com/resultados/futbol/primera/2017_2018/jornada/regular_a_4/,Levante - Valencia en directo,1 - 1,primera
https://resultados.as.com/resultados/futbol/primera/2017_2018/jornada/regular_a_4/,Betis - Deportivo en directo,2 - 1,primera
https://resultados.as.com/resultados/futbol/primera/2017_2018/jornada/regular_a_4/,Alavés - Villarreal en directo,0 - 3,primera
https://resultados.as.com/resultados/futbol/primera/2017_2018/jornada/regular_a_4/,Girona - Sevilla en directo,0 - 1,primera
https://resultados.as.com/resultados/futbol/primera/2017_2018/jornada/regular_a_4/,Las Palmas - Athletic en directo,1 - 0,primera
https://resultados.as.com/resultados/futbol/primera/2017_2018/jornada/regular_a_4/,R. Sociedad - Real Madrid en directo,1 - 3,primera
https://resultados.as.com/resultados/futbol/primera/2017_2018/jornada/regular_a_4/,Espanyol - Celta en directo,2 - 1,primera
https://resultados.as.com/resultados/futbol/primera/2017_2018/jornada/regular_a_3/,Leganés - Getafe en directo,1 - 2,primera
https://resultados.as.com/resultados/futbol/primera/2017_2018/jornada/regular_a_3/,Barcelona - Espanyol en directo,5 - 0,primera
https://resultados.as.com/resultados/futbol/primera/2017_2018/jornada/regular_a_3/,Real Madrid - Levante en directo,1 - 1,primera
https://resultados.as.com/resultados/futbol/primera/2017_2018/jornada/regular_a_3/,Sevilla - Eibar en directo,3 - 0,primera
https://resultados.as.com/resultados/futbol/primera/2017_2018/jornada/regular_a_3/,Valencia - Atlético en directo,0 - 0,primera
https://resultados.as.com/resultados/futbol/primera/2017_2018/jornada/regular_a_3/,Athletic - Girona en directo,2 - 0,primera
https://resultados.as.com/resultados/futbol/primera/2017_2018/jornada/regular_a_3/,Celta - Alavés en directo,1 - 0,primera
https://resultados.as.com/resultados/futbol/primera/2017_2018/jornada/regular_a_3/,Deportivo - R. Sociedad en directo,2 - 4,primera
https://resultados.as.com/resultados/futbol/primera/2017_2018/jornada/regular_a_3/,Villarreal - Betis en directo,3 - 1,primera
https://resultados.as.com/resultados/futbol/primera/2017_2018/jornada/regular_a_3/,Málaga - Las Palmas en directo,1 - 3,primera
https://resultados.as.com/resultados/futbol/primera/2017_2018/jornada/regular_a_5/,Barcelona - Eibar en directo,6 - 1,primera
https://resultados.as.com/resultados/futbol/primera/2017_2018/jornada/regular_a_5/,Valencia - Málaga en directo,5 - 0,primera
https://resultados.as.com/resultados/futbol/primera/2017_2018/jornada/regular_a_5/,Athletic - Atlético en directo,1 - 2,primera
https://resultados.as.com/resultados/futbol/primera/2017_2018/jornada/regular_a_5/,Deportivo - Alavés en directo,1 - 0,primera
https://resultados.as.com/resultados/futbol/primera/2017_2018/jornada/regular_a_5/,Leganés - Girona en directo,0 - 0,primera
https://resultados.as.com/resultados/futbol/primera/2017_2018/jornada/regular_a_5/,Real Madrid - Betis en directo,0 - 1,primera
https://resultados.as.com/resultados/futbol/primera/2017_2018/jornada/regular_a_5/,Sevilla - Las Palmas en directo,1 - 0,primera
https://resultados.as.com/resultados/futbol/primera/2017_2018/jornada/regular_a_5/,Celta - Getafe en directo,1 - 1,primera
https://resultados.as.com/resultados/futbol/primera/2017_2018/jornada/regular_a_5/,Levante - R. Sociedad en directo,3 - 0,primera
https://resultados.as.com/resultados/futbol/primera/2017_2018/jornada/regular_a_5/,Villarreal - Espanyol en directo,0 - 0,primera
https://resultados.as.com/resultados/futbol/primera/2017_2018/jornada/regular_a_2/,Betis - Celta en directo,2 - 1,primera
https://resultados.as.com/resultados/futbol/primera/2017_2018/jornada/regular_a_2/,R. Sociedad - Villarreal en directo,3 - 0,primera
https://resultados.as.com/resultados/futbol/primera/2017_2018/jornada/regular_a_2/,Alavés - Barcelona en directo,0 - 2,primera
https://resultados.as.com/resultados/futbol/primera/2017_2018/jornada/regular_a_2/,Girona - Málaga en directo,1 - 0,primera
https://resultados.as.com/resultados/futbol/primera/2017_2018/jornada/regular_a_2/,Las Palmas - Atlético en directo,1 - 5,primera
https://resultados.as.com/resultados/futbol/primera/2017_2018/jornada/regular_a_2/,Levante - Deportivo en directo,2 - 2,primera
https://resultados.as.com/resultados/futbol/primera/2017_2018/jornada/regular_a_2/,Eibar - Athletic en directo,0 - 1,primera
https://resultados.as.com/resultados/futbol/primera/2017_2018/jornada/regular_a_2/,Espanyol - Leganés en directo,0 - 1,primera
https://resultados.as.com/resultados/futbol/primera/2017_2018/jornada/regular_a_2/,Getafe - Sevilla en directo,0 - 1,primera
https://resultados.as.com/resultados/futbol/primera/2017_2018/jornada/regular_a_2/,Real Madrid - Valencia en directo,2 - 2,primera
https://resultados.as.com/resultados/futbol/primera/2017_2018/jornada/regular_a_7/,Celta - Girona en directo,3 - 3,primera
https://resultados.as.com/resultados/futbol/primera/2017_2018/jornada/regular_a_1/,Leganés - Alavés en directo,1 - 0,primera
https://resultados.as.com/resultados/futbol/primera/2017_2018/jornada/regular_a_7/,Deportivo - Getafe en directo,2 - 1,primera
https://resultados.as.com/resultados/futbol/primera/2017_2018/jornada/regular_a_7/,Leganés - Atlético en directo,0 - 0,primera
https://resultados.as.com/resultados/futbol/primera/2017_2018/jornada/regular_a_7/,Levante - Alavés en directo,0 - 2,primera
https://resultados.as.com/resultados/futbol/primera/2017_2018/jornada/regular_a_7/,Sevilla - Málaga en directo,2 - 0,primera
https://resultados.as.com/resultados/futbol/primera/2017_2018/jornada/regular_a_7/,Barcelona - Las Palmas en directo,3 - 0,primera
https://resultados.as.com/resultados/futbol/primera/2017_2018/jornada/regular_a_7/,Real Madrid - Espanyol en directo,2 - 0,primera
https://resultados.as.com/resultados/futbol/primera/2017_2018/jornada/regular_a_7/,R. Sociedad - Betis en directo,4 - 4,primera
https://resultados.as.com/resultados/futbol/primera/2017_2018/jornada/regular_a_7/,Valencia - Athletic en directo,3 - 2,primera
https://resultados.as.com/resultados/futbol/primera/2017_2018/jornada/regular_a_7/,Villarreal - Eibar en directo,3 - 0,primera
https://resultados.as.com/resultados/futbol/primera/2017_2018/jornada/regular_a_1/,Valencia - Las Palmas en directo,1 - 0,primera
https://resultados.as.com/resultados/futbol/primera/2017_2018/jornada/regular_a_1/,Celta - R. Sociedad en directo,2 - 3,primera
https://resultados.as.com/resultados/futbol/primera/2017_2018/jornada/regular_a_1/,Girona - Atlético en directo,2 - 2,primera
https://resultados.as.com/resultados/futbol/primera/2017_2018/jornada/regular_a_1/,Sevilla - Espanyol en directo,1 - 1,primera
https://resultados.as.com/resultados/futbol/primera/2017_2018/jornada/regular_a_1/,Athletic - Getafe en directo,0 - 0,primera
https://resultados.as.com/resultados/futbol/primera/2017_2018/jornada/regular_a_1/,Barcelona - Betis en directo,2 - 0,primera
https://resultados.as.com/resultados/futbol/primera/2017_2018/jornada/regular_a_1/,Deportivo - Real Madrid en directo,0 - 3,primera
https://resultados.as.com/resultados/futbol/primera/2017_2018/jornada/regular_a_1/,Levante - Villarreal en directo,1 - 0,primera
https://resultados.as.com/resultados/futbol/primera/2017_2018/jornada/regular_a_1/,Málaga - Eibar en directo,0 - 1,primera
https://resultados.as.com/resultados/futbol/primera/2017_2018/jornada/regular_a_9/,Barcelona - Málaga en directo,2 - 0,primera
https://resultados.as.com/resultados/futbol/primera/2017_2018/jornada/regular_a_9/,Levante - Getafe en directo,1 - 1,primera
https://resultados.as.com/resultados/futbol/primera/2017_2018/jornada/regular_a_9/,Betis - Alavés en directo,2 - 0,primera
https://resultados.as.com/resultados/futbol/primera/2017_2018/jornada/regular_a_9/,Valencia - Sevilla en directo,4 - 0,primera
https://resultados.as.com/resultados/futbol/primera/2017_2018/jornada/regular_a_9/,Celta - Atlético en directo,0 - 1,primera
https://resultados.as.com/resultados/futbol/primera/2017_2018/jornada/regular_a_9/,Leganés - Athletic en directo,1 - 0,primera
https://resultados.as.com/resultados/futbol/primera/2017_2018/jornada/regular_a_9/,Real Madrid - Eibar en directo,3 - 0,primera
https://resultados.as.com/resultados/futbol/primera/2017_2018/jornada/regular_a_9/,Villarreal - Las Palmas en directo,4 - 0,primera
https://resultados.as.com/resultados/futbol/primera/2017_2018/jornada/regular_a_9/,Deportivo - Girona en directo,1 - 2,primera
https://resultados.as.com/resultados/futbol/primera/2017_2018/jornada/regular_a_9/,R. Sociedad - Espanyol en directo,1 - 1,primera
https://resultados.as.com/resultados/futbol/primera/2017_2018/jornada/regular_a_10/,Alavés - Valencia en directo,1 - 2,primera
https://resultados.as.com/resultados/futbol/primera/2017_2018/jornada/regular_a_10/,Athletic - Barcelona en directo,0 - 2,primera
https://resultados.as.com/resultados/futbol/primera/2017_2018/jornada/regular_a_10/,Atlético - Villarreal en directo,1 - 1,primera
https://resultados.as.com/resultados/futbol/primera/2017_2018/jornada/regular_a_10/,Sevilla - Leganés en directo,2 - 1,primera
https://resultados.as.com/resultados/futbol/primera/2017_2018/jornada/regular_a_10/,Eibar - Levante en directo,2 - 2,primera
https://resultados.as.com/resultados/futbol/primera/2017_2018/jornada/regular_a_10/,Getafe - R. Sociedad en directo,2 - 1,primera
https://resultados.as.com/resultados/futbol/primera/2017_2018/jornada/regular_a_10/,Girona - Real Madrid en directo,2 - 1,primera
https://resultados.as.com/resultados/futbol/primera/2017_2018/jornada/regular_a_10/,Málaga - Celta en directo,2 - 1,primera
https://resultados.as.com/resultados/futbol/primera/2017_2018/jornada/regular_a_10/,Espanyol - Betis en directo,1 - 0,primera
https://resultados.as.com/resultados/futbol/primera/2017_2018/jornada/regular_a_10/,Las Palmas - Deportivo en directo,1 - 3,primera
https://resultados.as.com/resultados/futbol/primera/2017_2018/jornada/regular_a_11/,Betis - Getafe en directo,2 - 2,primera
https://resultados.as.com/resultados/futbol/primera/2017_2018/jornada/regular_a_11/,Alavés - Espanyol en directo,1 - 0,primera
https://resultados.as.com/resultados/futbol/primera/2017_2018/jornada/regular_a_11/,Barcelona - Sevilla en directo,2 - 1,primera
https://resultados.as.com/resultados/futbol/primera/2017_2018/jornada/regular_a_11/,Deportivo - Atlético en directo,0 - 1,primera
https://resultados.as.com/resultados/futbol/primera/2017_2018/jornada/regular_a_11/,Valencia - Leganés en directo,3 - 0,primera
https://resultados.as.com/resultados/futbol/primera/2017_2018/jornada/regular_a_11/,Celta - Athletic en directo,3 - 1,primera
https://resultados.as.com/resultados/futbol/primera/2017_2018/jornada/regular_a_11/,Levante - Girona en directo,1 - 2,primera
https://resultados.as.com/resultados/futbol/primera/2017_2018/jornada/regular_a_11/,Real Madrid - Las Palmas en directo,3 - 0,primera
https://resultados.as.com/resultados/futbol/primera/2017_2018/jornada/regular_a_11/,R. Sociedad - Eibar en directo,3 - 1,primera
https://resultados.as.com/resultados/futbol/primera/2017_2018/jornada/regular_a_11/,Villarreal - Málaga en directo,2 - 0,primera
https://resultados.as.com/resultados/futbol/primera/2017_2018/jornada/regular_a_6/,Alavés - Real Madrid en directo,1 - 2,primera
https://resultados.as.com/resultados/futbol/primera/2017_2018/jornada/regular_a_6/,Atlético - Sevilla en directo,2 - 0,primera
https://resultados.as.com/resultados/futbol/primera/2017_2018/jornada/regular_a_6/,Girona - Barcelona en directo,0 - 3,primera
https://resultados.as.com/resultados/futbol/primera/2017_2018/jornada/regular_a_6/,Málaga - Athletic en directo,3 - 3,primera
https://resultados.as.com/resultados/futbol/primera/2017_2018/jornada/regular_a_6/,Eibar - Celta en directo,0 - 4,primera
https://resultados.as.com/resultados/futbol/primera/2017_2018/jornada/regular_a_6/,Espanyol - Deportivo en directo,4 - 1,primera
https://resultados.as.com/resultados/futbol/primera/2017_2018/jornada/regular_a_6/,Getafe - Villarreal en directo,4 - 0,primera
https://resultados.as.com/resultados/futbol/primera/2017_2018/jornada/regular_a_6/,Las Palmas - Leganés en directo,0 - 2,primera
https://resultados.as.com/resultados/futbol/primera/2017_2018/jornada/regular_a_6/,R. Sociedad - Valencia en directo,2 - 3,primera
https://resultados.as.com/resultados/futbol/primera/2017_2018/jornada/regular_a_6/,Betis - Levante en directo,4 - 0,primera
https://resultados.as.com/resultados/futbol/primera/2017_2018/jornada/regular_a_15/,Alavés - Las Palmas en directo,2 - 0,primera
https://resultados.as.com/resultados/futbol/primera/2017_2018/jornada/regular_a_15/,Deportivo - Leganés en directo,1 - 0,primera
https://resultados.as.com/resultados/futbol/primera/2017_2018/jornada/regular_a_15/,Getafe - Eibar en directo,0 - 0,primera
https://resultados.as.com/resultados/futbol/primera/2017_2018/jornada/regular_a_15/,Real Madrid - Sevilla en directo,5 - 0,primera
https://resultados.as.com/resultados/futbol/primera/2017_2018/jornada/regular_a_15/,Valencia - Celta en directo,2 - 1,primera
https://resultados.as.com/resultados/futbol/primera/2017_2018/jornada/regular_a_15/,Levante - Athletic en directo,1 - 2,primera
https://resultados.as.com/resultados/futbol/primera/2017_2018/jornada/regular_a_15/,Betis - Atlético en directo,0 - 1,primera
https://resultados.as.com/resultados/futbol/primera/2017_2018/jornada/regular_a_15/,R. Sociedad - Málaga en directo,0 - 2,primera
https://resultados.as.com/resultados/futbol/primera/2017_2018/jornada/regular_a_15/,Villarreal - Barcelona en directo,0 - 2,primera
https://resultados.as.com/resultados/futbol/primera/2017_2018/jornada/regular_a_15/,Espanyol - Girona en directo,0 - 1,primera
https://resultados.as.com/resultados/futbol/primera/2017_2018/jornada/regular_a_13/,Celta - Leganés en directo,1 - 0,primera
https://resultados.as.com/resultados/futbol/primera/2017_2018/jornada/regular_a_14/,Málaga - Levante en directo,0 - 0,primera
https://resultados.as.com/resultados/futbol/primera/2017_2018/jornada/regular_a_13/,Alavés - Eibar en directo,1 - 2,primera
https://resultados.as.com/resultados/futbol/primera/2017_2018/jornada/regular_a_13/,Levante - Atlético en directo,0 - 5,primera
https://resultados.as.com/resultados/futbol/primera/2017_2018/jornada/regular_a_13/,Betis - Girona en directo,2 - 2,primera
https://resultados.as.com/resultados/futbol/primera/2017_2018/jornada/regular_a_13/,Real Madrid - Málaga en directo,3 - 2,primera
https://resultados.as.com/resultados/futbol/primera/2017_2018/jornada/regular_a_13/,Deportivo - Athletic en directo,2 - 2,primera
https://resultados.as.com/resultados/futbol/primera/2017_2018/jornada/regular_a_13/,R. Sociedad - Las Palmas en directo,2 - 2,primera
https://resultados.as.com/resultados/futbol/primera/2017_2018/jornada/regular_a_13/,Valencia - Barcelona en directo,1 - 1,primera
https://resultados.as.com/resultados/futbol/primera/2017_2018/jornada/regular_a_13/,Villarreal - Sevilla en directo,2 - 3,primera
https://resultados.as.com/resultados/futbol/primera/2017_2018/jornada/regular_a_13/,Espanyol - Getafe en directo,1 - 0,primera
https://resultados.as.com/resultados/futbol/primera/2017_2018/jornada/regular_a_14/,Athletic - Real Madrid en directo,0 - 0,primera
https://resultados.as.com/resultados/futbol/primera/2017_2018/jornada/regular_a_14/,Atlético - R. Sociedad en directo,2 - 1,primera
https://resultados.as.com/resultados/futbol/primera/2017_2018/jornada/regular_a_14/,Barcelona - Celta en directo,2 - 2,primera
https://resultados.as.com/resultados/futbol/primera/2017_2018/jornada/regular_a_14/,Sevilla - Deportivo en directo,2 - 0,primera
https://resultados.as.com/resultados/futbol/primera/2017_2018/jornada/regular_a_14/,Eibar - Espanyol en directo,3 - 1,primera
https://resultados.as.com/resultados/futbol/primera/2017_2018/jornada/regular_a_14/,Getafe - Valencia en directo,1 - 0,primera
https://resultados.as.com/resultados/futbol/primera/2017_2018/jornada/regular_a_14/,Las Palmas - Betis en directo,1 - 0,primera
https://resultados.as.com/resultados/futbol/primera/2017_2018/jornada/regular_a_14/,Leganés - Villarreal en directo,3 - 1,primera
https://resultados.as.com/resultados/futbol/primera/2017_2018/jornada/regular_a_14/,Girona - Alavés en directo,2 - 3,primera
https://resultados.as.com/resultados/futbol/primera/2017_2018/jornada/regular_a_16/,Sevilla - Levante en directo,0 - 0,primera
https://resultados.as.com/resultados/futbol/primera/2017_2018/jornada/regular_a_12/,Girona - R. Sociedad en directo,1 - 1,primera
https://resultados.as.com/resultados/futbol/primera/2017_2018/jornada/regular_a_16/,Athletic - R. Sociedad en directo,0 - 0,primera
https://resultados.as.com/resultados/futbol/primera/2017_2018/jornada/regular_a_16/,Atlético - Alavés en directo,1 - 0,primera
https://resultados.as.com/resultados/futbol/primera/2017_2018/jornada/regular_a_16/,Eibar - Valencia en directo,2 - 1,primera
https://resultados.as.com/resultados/futbol/primera/2017_2018/jornada/regular_a_16/,Barcelona - Deportivo en directo,4 - 0,primera
https://resultados.as.com/resultados/futbol/primera/2017_2018/jornada/regular_a_16/,Celta - Villarreal en directo,0 - 1,primera
https://resultados.as.com/resultados/futbol/primera/2017_2018/jornada/regular_a_16/,Girona - Getafe en directo,1 - 0,primera
https://resultados.as.com/resultados/futbol/primera/2017_2018/jornada/regular_a_16/,Las Palmas - Espanyol en directo,2 - 2,primera
https://resultados.as.com/resultados/futbol/primera/2017_2018/jornada/regular_a_16/,Málaga - Betis en directo,0 - 2,primera
https://resultados.as.com/resultados/futbol/primera/2017_2018/jornada/regular_a_16/,Leganés - Real Madrid en directo,1 - 3,primera
https://resultados.as.com/resultados/futbol/primera/2017_2018/jornada/regular_a_17/,Levante - Leganés en directo,0 - 0,primera
https://resultados.as.com/resultados/futbol/primera/2017_2018/jornada/regular_a_12/,Atlético - Real Madrid en directo,0 - 0,primera
https://resultados.as.com/resultados/futbol/primera/2017_2018/jornada/regular_a_12/,Getafe - Alavés en directo,4 - 1,primera
https://resultados.as.com/resultados/futbol/primera/2017_2018/jornada/regular_a_12/,Leganés - Barcelona en directo,0 - 3,primera
https://resultados.as.com/resultados/futbol/primera/2017_2018/jornada/regular_a_12/,Sevilla - Celta en directo,2 - 1,primera
https://resultados.as.com/resultados/futbol/primera/2017_2018/jornada/regular_a_12/,Athletic - Villarreal en directo,1 - 1,primera
https://resultados.as.com/resultados/futbol/primera/2017_2018/jornada/regular_a_12/,Espanyol - Valencia en directo,0 - 2,primera
https://resultados.as.com/resultados/futbol/primera/2017_2018/jornada/regular_a_12/,Las Palmas - Levante en directo,0 - 2,primera
https://resultados.as.com/resultados/futbol/primera/2017_2018/jornada/regular_a_12/,Málaga - Deportivo en directo,3 - 2,primera
https://resultados.as.com/resultados/futbol/primera/2017_2018/jornada/regular_a_12/,Eibar - Betis en directo,5 - 0,primera
https://resultados.as.com/resultados/futbol/primera/2017_2018/jornada/regular_a_19/,Getafe - Málaga en directo,1 - 0,primera
https://resultados.as.com/resultados/futbol/primera/2017_2018/jornada/regular_a_17/,Getafe - Las Palmas en directo,2 - 0,primera
https://resultados.as.com/resultados/futbol/primera/2017_2018/jornada/regular_a_17/,R. Sociedad - Sevilla en directo,3 - 1,primera
https://resultados.as.com/resultados/futbol/primera/2017_2018/jornada/regular_a_17/,Alavés - Málaga en directo,1 - 0,primera
https://resultados.as.com/resultados/futbol/primera/2017_2018/jornada/regular_a_17/,Eibar - Girona en directo,4 - 1,primera
https://resultados.as.com/resultados/futbol/primera/2017_2018/jornada/regular_a_17/,Espanyol - Atlético en directo,1 - 0,primera
https://resultados.as.com/resultados/futbol/primera/2017_2018/jornada/regular_a_17/,Betis - Athletic en directo,0 - 2,primera
https://resultados.as.com/resultados/futbol/primera/2017_2018/jornada/regular_a_17/,Deportivo - Celta en directo,1 - 3,primera
https://resultados.as.com/resultados/futbol/primera/2017_2018/jornada/regular_a_17/,Real Madrid - Barcelona en directo,0 - 3,primera
https://resultados.as.com/resultados/futbol/primera/2017_2018/jornada/regular_a_17/,Valencia - Villarreal en directo,0 - 1,primera
https://resultados.as.com/resultados/futbol/primera/2017_2018/jornada/regular_a_19/,Deportivo - Valencia en directo,1 - 2,primera
https://resultados.as.com/resultados/futbol/primera/2017_2018/jornada/regular_a_19/,Eibar - Atlético en directo,0 - 1,primera
https://resultados.as.com/resultados/futbol/primera/2017_2018/jornada/regular_a_19/,Girona - Las Palmas en directo,6 - 0,primera
https://resultados.as.com/resultados/futbol/primera/2017_2018/jornada/regular_a_19/,Real Madrid - Villarreal en directo,0 - 1,primera
https://resultados.as.com/resultados/futbol/primera/2017_2018/jornada/regular_a_19/,Alavés - Sevilla en directo,1 - 0,primera
https://resultados.as.com/resultados/futbol/primera/2017_2018/jornada/regular_a_19/,Espanyol - Athletic en directo,1 - 1,primera
https://resultados.as.com/resultados/futbol/primera/2017_2018/jornada/regular_a_19/,Levante - Celta en directo,0 - 1,primera
https://resultados.as.com/resultados/futbol/primera/2017_2018/jornada/regular_a_19/,R. Sociedad - Barcelona en directo,2 - 4,primera
https://resultados.as.com/resultados/futbol/primera/2017_2018/jornada/regular_a_19/,Betis - Leganés en directo,3 - 2,primera
https://resultados.as.com/resultados/futbol/primera/2017_2018/jornada/regular_a_18/,Atlético - Getafe en directo,2 - 0,primera
https://resultados.as.com/resultados/futbol/primera/2017_2018/jornada/regular_a_20/,Getafe - Athletic en directo,2 - 2,primera
https://resultados.as.com/resultados/futbol/primera/2017_2018/jornada/regular_a_18/,Las Palmas - Eibar en directo,1 - 2,primera
https://resultados.as.com/resultados/futbol/primera/2017_2018/jornada/regular_a_18/,Sevilla - Betis en directo,3 - 5,primera
https://resultados.as.com/resultados/futbol/primera/2017_2018/jornada/regular_a_18/,Valencia - Girona en directo,2 - 1,primera
https://resultados.as.com/resultados/futbol/primera/2017_2018/jornada/regular_a_18/,Athletic - Alavés en directo,2 - 0,primera
https://resultados.as.com/resultados/futbol/primera/2017_2018/jornada/regular_a_18/,Barcelona - Levante en directo,3 - 0,primera
https://resultados.as.com/resultados/futbol/primera/2017_2018/jornada/regular_a_18/,Celta - Real Madrid en directo,2 - 2,primera
https://resultados.as.com/resultados/futbol/primera/2017_2018/jornada/regular_a_18/,Leganés - R. Sociedad en directo,1 - 0,primera
https://resultados.as.com/resultados/futbol/primera/2017_2018/jornada/regular_a_18/,Villarreal - Deportivo en directo,1 - 1,primera
https://resultados.as.com/resultados/futbol/primera/2017_2018/jornada/regular_a_18/,Málaga - Espanyol en directo,0 - 1,primera
https://resultados.as.com/resultados/futbol/primera/2017_2018/jornada/regular_a_25/,Deportivo - Espanyol en directo,0 - 0,primera
https://resultados.as.com/resultados/futbol/primera/2017_2018/jornada/regular_a_22/,R. Sociedad - Deportivo en directo,5 - 0,primera
https://resultados.as.com/resultados/futbol/primera/2017_2018/jornada/regular_a_20/,Atlético - Girona en directo,1 - 1,primera
https://resultados.as.com/resultados/futbol/primera/2017_2018/jornada/regular_a_20/,Espanyol - Sevilla en directo,0 - 3,primera
https://resultados.as.com/resultados/futbol/primera/2017_2018/jornada/regular_a_20/,Las Palmas - Valencia en directo,2 - 1,primera
https://resultados.as.com/resultados/futbol/primera/2017_2018/jornada/regular_a_20/,Villarreal - Levante en directo,2 - 1,primera
https://resultados.as.com/resultados/futbol/primera/2017_2018/jornada/regular_a_20/,Alavés - Leganés en directo,2 - 2,primera
https://resultados.as.com/resultados/futbol/primera/2017_2018/jornada/regular_a_20/,Betis - Barcelona en directo,0 - 5,primera
https://resultados.as.com/resultados/futbol/primera/2017_2018/jornada/regular_a_20/,Real Madrid - Deportivo en directo,7 - 1,primera
https://resultados.as.com/resultados/futbol/primera/2017_2018/jornada/regular_a_20/,R. Sociedad - Celta en directo,1 - 2,primera
https://resultados.as.com/resultados/futbol/primera/2017_2018/jornada/regular_a_20/,Eibar - Málaga en directo,1 - 1,primera
https://resultados.as.com/resultados/futbol/primera/2017_2018/jornada/regular_a_25/,Barcelona - Girona en directo,6 - 1,primera
https://resultados.as.com/resultados/futbol/primera/2017_2018/jornada/regular_a_25/,Celta - Eibar en directo,2 - 0,primera
https://resultados.as.com/resultados/futbol/primera/2017_2018/jornada/regular_a_25/,Leganés - Las Palmas en directo,0 - 0,primera
https://resultados.as.com/resultados/futbol/primera/2017_2018/jornada/regular_a_25/,Real Madrid - Alavés en directo,4 - 0,primera
https://resultados.as.com/resultados/futbol/primera/2017_2018/jornada/regular_a_25/,Athletic - Málaga en directo,2 - 1,primera
https://resultados.as.com/resultados/futbol/primera/2017_2018/jornada/regular_a_25/,Sevilla - Atlético en directo,2 - 5,primera
https://resultados.as.com/resultados/futbol/primera/2017_2018/jornada/regular_a_25/,Valencia - R. Sociedad en directo,2 - 1,primera
https://resultados.as.com/resultados/futbol/primera/2017_2018/jornada/regular_a_25/,Villarreal - Getafe en directo,1 - 0,primera
https://resultados.as.com/resultados/futbol/primera/2017_2018/jornada/regular_a_25/,Levante - Betis en directo,0 - 2,primera
https://resultados.as.com/resultados/futbol/primera/2017_2018/jornada/regular_a_22/,Alavés - Celta en directo,2 - 1,primera
https://resultados.as.com/resultados/futbol/primera/2017_2018/jornada/regular_a_22/,Eibar - Sevilla en directo,5 - 1,primera
https://resultados.as.com/resultados/futbol/primera/2017_2018/jornada/regular_a_22/,Levante - Real Madrid en directo,2 - 2,primera
https://resultados.as.com/resultados/futbol/primera/2017_2018/jornada/regular_a_22/,Betis - Villarreal en directo,2 - 1,primera
https://resultados.as.com/resultados/futbol/primera/2017_2018/jornada/regular_a_22/,Atlético - Valencia en directo,1 - 0,primera
https://resultados.as.com/resultados/futbol/primera/2017_2018/jornada/regular_a_22/,Espanyol - Barcelona en directo,1 - 1,primera
https://resultados.as.com/resultados/futbol/primera/2017_2018/jornada/regular_a_22/,Getafe - Leganés en directo,0 - 0,primera
https://resultados.as.com/resultados/futbol/primera/2017_2018/jornada/regular_a_22/,Girona - Athletic en directo,2 - 0,primera
https://resultados.as.com/resultados/futbol/primera/2017_2018/jornada/regular_a_22/,Las Palmas - Málaga en directo,1 - 0,primera
https://resultados.as.com/resultados/futbol/primera/2017_2018/jornada/regular_a_24/,Girona - Leganés en directo,3 - 0,primera
https://resultados.as.com/resultados/futbol/primera/2017_2018/jornada/regular_a_24/,Alavés - Deportivo en directo,1 - 0,primera
https://resultados.as.com/resultados/futbol/primera/2017_2018/jornada/regular_a_24/,Eibar - Barcelona en directo,0 - 2,primera
https://resultados.as.com/resultados/futbol/primera/2017_2018/jornada/regular_a_24/,Las Palmas - Sevilla en directo,1 - 2,primera
https://resultados.as.com/resultados/futbol/primera/2017_2018/jornada/regular_a_24/,Málaga - Valencia en directo,1 - 2,primera
https://resultados.as.com/resultados/futbol/primera/2017_2018/jornada/regular_a_24/,Atlético - Athletic en directo,2 - 0,primera
https://resultados.as.com/resultados/futbol/primera/2017_2018/jornada/regular_a_24/,Espanyol - Villarreal en directo,1 - 1,primera
https://resultados.as.com/resultados/futbol/primera/2017_2018/jornada/regular_a_24/,Betis - Real Madrid en directo,3 - 5,primera
https://resultados.as.com/resultados/futbol/primera/2017_2018/jornada/regular_a_24/,R. Sociedad - Levante en directo,3 - 0,primera
https://resultados.as.com/resultados/futbol/primera/2017_2018/jornada/regular_a_24/,Getafe - Celta en directo,3 - 0,primera
https://resultados.as.com/resultados/futbol/primera/2017_2018/jornada/regular_a_21/,Athletic - Eibar en directo,1 - 1,primera
https://resultados.as.com/resultados/futbol/primera/2017_2018/jornada/regular_a_23/,Athletic - Las Palmas en directo,0 - 0,primera
https://resultados.as.com/resultados/futbol/primera/2017_2018/jornada/regular_a_21/,Deportivo - Levante en directo,2 - 2,primera
https://resultados.as.com/resultados/futbol/primera/2017_2018/jornada/regular_a_21/,Málaga - Girona en directo,0 - 0,primera
https://resultados.as.com/resultados/futbol/primera/2017_2018/jornada/regular_a_21/,Valencia - Real Madrid en directo,1 - 4,primera
https://resultados.as.com/resultados/futbol/primera/2017_2018/jornada/regular_a_21/,Villarreal - R. Sociedad en directo,4 - 2,primera
https://resultados.as.com/resultados/futbol/primera/2017_2018/jornada/regular_a_21/,Atlético - Las Palmas en directo,3 - 0,primera
https://resultados.as.com/resultados/futbol/primera/2017_2018/jornada/regular_a_21/,Barcelona - Alavés en directo,2 - 1,primera
https://resultados.as.com/resultados/futbol/primera/2017_2018/jornada/regular_a_21/,Leganés - Espanyol en directo,3 - 2,primera
https://resultados.as.com/resultados/futbol/primera/2017_2018/jornada/regular_a_21/,Sevilla - Getafe en directo,1 - 1,primera
https://resultados.as.com/resultados/futbol/primera/2017_2018/jornada/regular_a_21/,Celta - Betis en directo,3 - 2,primera
https://resultados.as.com/resultados/futbol/primera/2017_2018/jornada/regular_a_23/,Leganés - Eibar en directo,0 - 1,primera
https://resultados.as.com/resultados/futbol/primera/2017_2018/jornada/regular_a_23/,Málaga - Atlético en directo,0 - 1,primera
https://resultados.as.com/resultados/futbol/primera/2017_2018/jornada/regular_a_23/,Real Madrid - R. Sociedad en directo,5 - 2,primera
https://resultados.as.com/resultados/futbol/primera/2017_2018/jornada/regular_a_23/,Villarreal - Alavés en directo,1 - 2,primera
https://resultados.as.com/resultados/futbol/primera/2017_2018/jornada/regular_a_23/,Barcelona - Getafe en directo,0 - 0,primera
https://resultados.as.com/resultados/futbol/primera/2017_2018/jornada/regular_a_23/,Celta - Espanyol en directo,2 - 2,primera
https://resultados.as.com/resultados/futbol/primera/2017_2018/jornada/regular_a_23/,Sevilla - Girona en directo,1 - 0,primera
https://resultados.as.com/resultados/futbol/primera/2017_2018/jornada/regular_a_23/,Valencia - Levante en directo,3 - 1,primera
https://resultados.as.com/resultados/futbol/primera/2017_2018/jornada/regular_a_23/,Deportivo - Betis en directo,0 - 1,primera
https://resultados.as.com/resultados/futbol/primera/2017_2018/jornada/regular_a_27/,Deportivo - Eibar en directo,1 - 1,primera
https://resultados.as.com/resultados/futbol/primera/2017_2018/jornada/regular_a_28/,Girona - Deportivo en directo,2 - 0,primera
https://resultados.as.com/resultados/futbol/primera/2017_2018/jornada/regular_a_30/,Athletic - Celta en directo,1 - 1,primera
https://resultados.as.com/resultados/futbol/primera/2017_2018/jornada/regular_a_27/,Leganés - Málaga en directo,2 - 0,primera
https://resultados.as.com/resultados/futbol/primera/2017_2018/jornada/regular_a_27/,Real Madrid - Getafe en directo,3 - 1,primera
https://resultados.as.com/resultados/futbol/primera/2017_2018/jornada/regular_a_27/,Sevilla - Athletic en directo,2 - 0,primera
https://resultados.as.com/resultados/futbol/primera/2017_2018/jornada/regular_a_27/,Villarreal - Girona en directo,0 - 2,primera
https://resultados.as.com/resultados/futbol/primera/2017_2018/jornada/regular_a_27/,Barcelona - Atlético en directo,1 - 0,primera
https://resultados.as.com/resultados/futbol/primera/2017_2018/jornada/regular_a_27/,Levante - Espanyol en directo,1 - 1,primera
https://resultados.as.com/resultados/futbol/primera/2017_2018/jornada/regular_a_27/,R. Sociedad - Alavés en directo,2 - 1,primera
https://resultados.as.com/resultados/futbol/primera/2017_2018/jornada/regular_a_27/,Valencia - Betis en directo,2 - 0,primera
https://resultados.as.com/resultados/futbol/primera/2017_2018/jornada/regular_a_27/,Celta - Las Palmas en directo,2 - 1,primera
https://resultados.as.com/resultados/futbol/primera/2017_2018/jornada/regular_a_29/,Levante - Eibar en directo,2 - 1,primera
https://resultados.as.com/resultados/futbol/primera/2017_2018/jornada/regular_a_28/,Eibar - Real Madrid en directo,1 - 2,primera
https://resultados.as.com/resultados/futbol/primera/2017_2018/jornada/regular_a_28/,Getafe - Levante en directo,0 - 1,primera
https://resultados.as.com/resultados/futbol/primera/2017_2018/jornada/regular_a_28/,Málaga - Barcelona en directo,0 - 2,primera
https://resultados.as.com/resultados/futbol/primera/2017_2018/jornada/regular_a_28/,Sevilla - Valencia en directo,0 - 2,primera
https://resultados.as.com/resultados/futbol/primera/2017_2018/jornada/regular_a_28/,Athletic - Leganés en directo,2 - 0,primera
https://resultados.as.com/resultados/futbol/primera/2017_2018/jornada/regular_a_28/,Atlético - Celta en directo,3 - 0,primera
https://resultados.as.com/resultados/futbol/primera/2017_2018/jornada/regular_a_28/,Espanyol - R. Sociedad en directo,2 - 1,primera
https://resultados.as.com/resultados/futbol/primera/2017_2018/jornada/regular_a_28/,Las Palmas - Villarreal en directo,0 - 2,primera
https://resultados.as.com/resultados/futbol/primera/2017_2018/jornada/regular_a_28/,Alavés - Betis en directo,1 - 3,primera
https://resultados.as.com/resultados/futbol/primera/2017_2018/jornada/regular_a_30/,Girona - Levante en directo,1 - 1,primera
https://resultados.as.com/resultados/futbol/primera/2017_2018/jornada/regular_a_30/,Las Palmas - Real Madrid en directo,0 - 3,primera
https://resultados.as.com/resultados/futbol/primera/2017_2018/jornada/regular_a_30/,Sevilla - Barcelona en directo,2 - 2,primera
https://resultados.as.com/resultados/futbol/primera/2017_2018/jornada/regular_a_30/,Atlético - Deportivo en directo,1 - 0,primera
https://resultados.as.com/resultados/futbol/primera/2017_2018/jornada/regular_a_30/,Eibar - R. Sociedad en directo,0 - 0,primera
https://resultados.as.com/resultados/futbol/primera/2017_2018/jornada/regular_a_30/,Espanyol - Alavés en directo,0 - 0,primera
https://resultados.as.com/resultados/futbol/primera/2017_2018/jornada/regular_a_30/,Leganés - Valencia en directo,0 - 1,primera
https://resultados.as.com/resultados/futbol/primera/2017_2018/jornada/regular_a_30/,Málaga - Villarreal en directo,1 - 0,primera
https://resultados.as.com/resultados/futbol/primera/2017_2018/jornada/regular_a_30/,Getafe - Betis en directo,0 - 1,primera
https://resultados.as.com/resultados/futbol/primera/2017_2018/jornada/regular_a_26/,Espanyol - Real Madrid en directo,1 - 0,primera
https://resultados.as.com/resultados/futbol/primera/2017_2018/jornada/regular_a_31/,Deportivo - Málaga en directo,3 - 2,primera
https://resultados.as.com/resultados/futbol/primera/2017_2018/jornada/regular_a_29/,Deportivo - Las Palmas en directo,1 - 1,primera
https://resultados.as.com/resultados/futbol/primera/2017_2018/jornada/regular_a_29/,Betis - Espanyol en directo,3 - 0,primera
https://resultados.as.com/resultados/futbol/primera/2017_2018/jornada/regular_a_29/,R. Sociedad - Getafe en directo,1 - 2,primera
https://resultados.as.com/resultados/futbol/primera/2017_2018/jornada/regular_a_29/,Valencia - Alavés en directo,3 - 1,primera
https://resultados.as.com/resultados/futbol/primera/2017_2018/jornada/regular_a_29/,Barcelona - Athletic en directo,2 - 0,primera
https://resultados.as.com/resultados/futbol/primera/2017_2018/jornada/regular_a_29/,Celta - Málaga en directo,0 - 0,primera
https://resultados.as.com/resultados/futbol/primera/2017_2018/jornada/regular_a_29/,Leganés - Sevilla en directo,2 - 1,primera
https://resultados.as.com/resultados/futbol/primera/2017_2018/jornada/regular_a_29/,Real Madrid - Girona en directo,6 - 3,primera
https://resultados.as.com/resultados/futbol/primera/2017_2018/jornada/regular_a_29/,Villarreal - Atlético en directo,2 - 1,primera
https://resultados.as.com/resultados/futbol/primera/2017_2018/jornada/regular_a_26/,Girona - Celta en directo,1 - 0,primera
https://resultados.as.com/resultados/futbol/primera/2017_2018/jornada/regular_a_26/,Athletic - Valencia en directo,1 - 1,primera
https://resultados.as.com/resultados/futbol/primera/2017_2018/jornada/regular_a_26/,Atlético - Leganés en directo,4 - 0,primera
https://resultados.as.com/resultados/futbol/primera/2017_2018/jornada/regular_a_26/,Eibar - Villarreal en directo,1 - 0,primera
https://resultados.as.com/resultados/futbol/primera/2017_2018/jornada/regular_a_26/,Getafe - Deportivo en directo,3 - 0,primera
https://resultados.as.com/resultados/futbol/primera/2017_2018/jornada/regular_a_26/,Málaga - Sevilla en directo,0 - 1,primera
https://resultados.as.com/resultados/futbol/primera/2017_2018/jornada/regular_a_26/,Alavés - Levante en directo,1 - 0,primera
https://resultados.as.com/resultados/futbol/primera/2017_2018/jornada/regular_a_26/,Las Palmas - Barcelona en directo,1 - 1,primera
https://resultados.as.com/resultados/futbol/primera/2017_2018/jornada/regular_a_26/,Betis - R. Sociedad en directo,0 - 0,primera
https://resultados.as.com/resultados/futbol/primera/2017_2018/jornada/regular_a_31/,Alavés - Getafe en directo,2 - 0,primera
https://resultados.as.com/resultados/futbol/primera/2017_2018/jornada/regular_a_31/,Barcelona - Leganés en directo,3 - 1,primera
https://resultados.as.com/resultados/futbol/primera/2017_2018/jornada/regular_a_31/,Celta - Sevilla en directo,4 - 0,primera
https://resultados.as.com/resultados/futbol/primera/2017_2018/jornada/regular_a_31/,Betis - Eibar en directo,2 - 0,primera
https://resultados.as.com/resultados/futbol/primera/2017_2018/jornada/regular_a_31/,Levante - Las Palmas en directo,2 - 1,primera
https://resultados.as.com/resultados/futbol/primera/2017_2018/jornada/regular_a_31/,Real Madrid - Atlético en directo,1 - 1,primera
https://resultados.as.com/resultados/futbol/primera/2017_2018/jornada/regular_a_31/,R. Sociedad - Girona en directo,5 - 0,primera
https://resultados.as.com/resultados/futbol/primera/2017_2018/jornada/regular_a_31/,Valencia - Espanyol en directo,1 - 0,primera
https://resultados.as.com/resultados/futbol/primera/2017_2018/jornada/regular_a_31/,Villarreal - Athletic en directo,1 - 3,primera
https://resultados.as.com/resultados/futbol/primera/2017_2018/jornada/regular_a_34/,Leganés - Deportivo en directo,0 - 0,primera
https://resultados.as.com/resultados/futbol/primera/2017_2018/jornada/regular_a_32/,Girona - Betis en directo,0 - 1,primera
https://resultados.as.com/resultados/futbol/primera/2017_2018/jornada/regular_a_33/,Celta - Barcelona en directo,2 - 2,primera
https://resultados.as.com/resultados/futbol/primera/2017_2018/jornada/regular_a_34/,Celta - Valencia en directo,1 - 1,primera
https://resultados.as.com/resultados/futbol/primera/2017_2018/jornada/regular_a_34/,Eibar - Getafe en directo,0 - 1,primera
https://resultados.as.com/resultados/futbol/primera/2017_2018/jornada/regular_a_34/,Atlético - Betis en directo,0 - 0,primera
https://resultados.as.com/resultados/futbol/primera/2017_2018/jornada/regular_a_34/,Girona - Espanyol en directo,0 - 2,primera
https://resultados.as.com/resultados/futbol/primera/2017_2018/jornada/regular_a_34/,Las Palmas - Alavés en directo,0 - 4,primera
https://resultados.as.com/resultados/futbol/primera/2017_2018/jornada/regular_a_34/,Málaga - R. Sociedad en directo,2 - 0,primera
https://resultados.as.com/resultados/futbol/primera/2017_2018/jornada/regular_a_34/,Athletic - Levante en directo,1 - 3,primera
https://resultados.as.com/resultados/futbol/primera/2017_2018/jornada/regular_a_32/,Athletic - Deportivo en directo,2 - 3,primera
https://resultados.as.com/resultados/futbol/primera/2017_2018/jornada/regular_a_32/,Barcelona - Valencia en directo,2 - 1,primera
https://resultados.as.com/resultados/futbol/primera/2017_2018/jornada/regular_a_32/,Las Palmas - R. Sociedad en directo,0 - 1,primera
https://resultados.as.com/resultados/futbol/primera/2017_2018/jornada/regular_a_32/,Leganés - Celta en directo,1 - 0,primera
https://resultados.as.com/resultados/futbol/primera/2017_2018/jornada/regular_a_32/,Sevilla - Villarreal en directo,2 - 2,primera
https://resultados.as.com/resultados/futbol/primera/2017_2018/jornada/regular_a_32/,Atlético - Levante en directo,3 - 0,primera
https://resultados.as.com/resultados/futbol/primera/2017_2018/jornada/regular_a_32/,Eibar - Alavés en directo,0 - 1,primera
https://resultados.as.com/resultados/futbol/primera/2017_2018/jornada/regular_a_32/,Getafe - Espanyol en directo,1 - 0,primera
https://resultados.as.com/resultados/futbol/primera/2017_2018/jornada/regular_a_32/,Málaga - Real Madrid en directo,1 - 2,primera
https://resultados.as.com/resultados/futbol/primera/2017_2018/jornada/regular_a_33/,Deportivo - Sevilla en directo,0 - 0,primera
https://resultados.as.com/resultados/futbol/primera/2017_2018/jornada/regular_a_33/,Villarreal - Leganés en directo,2 - 1,primera
https://resultados.as.com/resultados/futbol/primera/2017_2018/jornada/regular_a_33/,Espanyol - Eibar en directo,0 - 1,primera
https://resultados.as.com/resultados/futbol/primera/2017_2018/jornada/regular_a_33/,Real Madrid - Athletic en directo,1 - 1,primera
https://resultados.as.com/resultados/futbol/primera/2017_2018/jornada/regular_a_33/,Valencia - Getafe en directo,1 - 2,primera
https://resultados.as.com/resultados/futbol/primera/2017_2018/jornada/regular_a_33/,Alavés - Girona en directo,1 - 2,primera
https://resultados.as.com/resultados/futbol/primera/2017_2018/jornada/regular_a_33/,Levante - Málaga en directo,1 - 0,primera
https://resultados.as.com/resultados/futbol/primera/2017_2018/jornada/regular_a_33/,Betis - Las Palmas en directo,1 - 0,primera
https://resultados.as.com/resultados/futbol/primera/2017_2018/jornada/regular_a_33/,R. Sociedad - Atlético en directo,3 - 0,primera
https://resultados.as.com/resultados/futbol/segunda/2017_2018/jornada/regular_a_1/,Lorca FC - Cultural en directo,2 - 0,segunda
https://resultados.as.com/resultados/futbol/segunda/2017_2018/jornada/regular_a_1/,Tenerife - Real Zaragoza en directo,1 - 0,segunda
https://resultados.as.com/resultados/futbol/segunda/2017_2018/jornada/regular_a_1/,Alcorcón - Sporting en directo,0 - 0,segunda
https://resultados.as.com/resultados/futbol/segunda/2017_2018/jornada/regular_a_1/,Córdoba - Cádiz en directo,1 - 2,segunda
https://resultados.as.com/resultados/futbol/segunda/2017_2018/jornada/regular_a_1/,Numancia - Huesca en directo,1 - 0,segunda
https://resultados.as.com/resultados/futbol/segunda/2017_2018/jornada/regular_a_1/,Osasuna - Sevilla Atlético en directo,1 - 1,segunda
https://resultados.as.com/resultados/futbol/segunda/2017_2018/jornada/regular_a_1/,Valladolid - Barcelona B en directo,1 - 2,segunda
https://resultados.as.com/resultados/futbol/segunda/2017_2018/jornada/regular_a_1/,Gimnàstic - Almería en directo,0 - 1,segunda
https://resultados.as.com/resultados/futbol/segunda/2017_2018/jornada/regular_a_1/,Granada - Albacete en directo,0 - 0,segunda
https://resultados.as.com/resultados/futbol/segunda/2017_2018/jornada/regular_a_1/,Oviedo - Rayo en directo,2 - 3,segunda
https://resultados.as.com/resultados/futbol/segunda/2017_2018/jornada/regular_a_1/,Lugo - Reus en directo,0 - 0,segunda
https://resultados.as.com/resultados/futbol/segunda/2017_2018/jornada/regular_a_4/,Cádiz - Gimnàstic en directo,2 - 0,segunda
https://resultados.as.com/resultados/futbol/segunda/2017_2018/jornada/regular_a_4/,Almería - Lorca FC en directo,2 - 1,segunda
https://resultados.as.com/resultados/futbol/segunda/2017_2018/jornada/regular_a_4/,Barcelona B - Córdoba en directo,4 - 0,segunda
https://resultados.as.com/resultados/futbol/segunda/2017_2018/jornada/regular_a_4/,Huesca - Sevilla Atlético en directo,0 - 0,segunda
https://resultados.as.com/resultados/futbol/segunda/2017_2018/jornada/regular_a_4/,Sporting - Oviedo en directo,1 - 1,segunda
https://resultados.as.com/resultados/futbol/segunda/2017_2018/jornada/regular_a_4/,Albacete - Lugo en directo,0 - 1,segunda
https://resultados.as.com/resultados/futbol/segunda/2017_2018/jornada/regular_a_4/,Cultural - Valladolid en directo,4 - 4,segunda
https://resultados.as.com/resultados/futbol/segunda/2017_2018/jornada/regular_a_4/,Rayo - Osasuna en directo,0 - 3,segunda
https://resultados.as.com/resultados/futbol/segunda/2017_2018/jornada/regular_a_4/,Real Zaragoza - Alcorcón en directo,0 - 1,segunda
https://resultados.as.com/resultados/futbol/segunda/2017_2018/jornada/regular_a_4/,Tenerife - Granada en directo,2 - 2,segunda
https://resultados.as.com/resultados/futbol/segunda/2017_2018/jornada/regular_a_4/,Reus - Numancia en directo,1 - 0,segunda
https://resultados.as.com/resultados/futbol/segunda/2017_2018/jornada/regular_a_8/,Almería - Huesca en directo,0 - 3,segunda
https://resultados.as.com/resultados/futbol/segunda/2017_2018/jornada/regular_a_8/,Cádiz - Osasuna en directo,0 - 2,segunda
https://resultados.as.com/resultados/futbol/segunda/2017_2018/jornada/regular_a_8/,Reus - Cultural en directo,1 - 1,segunda
https://resultados.as.com/resultados/futbol/segunda/2017_2018/jornada/regular_a_8/,Sporting - Sevilla Atlético en directo,3 - 0,segunda
https://resultados.as.com/resultados/futbol/segunda/2017_2018/jornada/regular_a_8/,Tenerife - Gimnàstic en directo,2 - 0,segunda
https://resultados.as.com/resultados/futbol/segunda/2017_2018/jornada/regular_a_8/,Albacete - Lorca FC en directo,2 - 1,segunda
https://resultados.as.com/resultados/futbol/segunda/2017_2018/jornada/regular_a_8/,Barcelona B - Oviedo en directo,1 - 1,segunda
https://resultados.as.com/resultados/futbol/segunda/2017_2018/jornada/regular_a_8/,Córdoba - Alcorcón en directo,3 - 0,segunda
https://resultados.as.com/resultados/futbol/segunda/2017_2018/jornada/regular_a_8/,Granada - Lugo en directo,2 - 0,segunda
https://resultados.as.com/resultados/futbol/segunda/2017_2018/jornada/regular_a_8/,Rayo - Valladolid en directo,4 - 1,segunda
https://resultados.as.com/resultados/futbol/segunda/2017_2018/jornada/regular_a_8/,Real Zaragoza - Numancia en directo,3 - 0,segunda
https://resultados.as.com/resultados/futbol/segunda/2017_2018/jornada/regular_a_5/,Lugo - Real Zaragoza en directo,2 - 1,segunda
https://resultados.as.com/resultados/futbol/segunda/2017_2018/jornada/regular_a_5/,Lorca FC - Reus en directo,1 - 1,segunda
https://resultados.as.com/resultados/futbol/segunda/2017_2018/jornada/regular_a_5/,Numancia - Sporting en directo,3 - 0,segunda
https://resultados.as.com/resultados/futbol/segunda/2017_2018/jornada/regular_a_5/,Osasuna - Almería en directo,2 - 1,segunda
https://resultados.as.com/resultados/futbol/segunda/2017_2018/jornada/regular_a_5/,Valladolid - Granada en directo,2 - 1,segunda
https://resultados.as.com/resultados/futbol/segunda/2017_2018/jornada/regular_a_5/,Sevilla Atlético - Rayo en directo,0 - 0,segunda
https://resultados.as.com/resultados/futbol/segunda/2017_2018/jornada/regular_a_5/,Alcorcón - Barcelona B en directo,1 - 1,segunda
https://resultados.as.com/resultados/futbol/segunda/2017_2018/jornada/regular_a_5/,Cultural - Huesca en directo,3 - 2,segunda
https://resultados.as.com/resultados/futbol/segunda/2017_2018/jornada/regular_a_5/,Córdoba - Tenerife en directo,2 - 0,segunda
https://resultados.as.com/resultados/futbol/segunda/2017_2018/jornada/regular_a_5/,Gimnàstic - Albacete en directo,3 - 1,segunda
https://resultados.as.com/resultados/futbol/segunda/2017_2018/jornada/regular_a_5/,Oviedo - Cádiz en directo,1 - 0,segunda
https://resultados.as.com/resultados/futbol/segunda/2017_2018/jornada/regular_a_2/,Albacete - Córdoba en directo,0 - 3,segunda
https://resultados.as.com/resultados/futbol/segunda/2017_2018/jornada/regular_a_2/,Almería - Oviedo en directo,1 - 1,segunda
https://resultados.as.com/resultados/futbol/segunda/2017_2018/jornada/regular_a_2/,Cultural - Osasuna en directo,2 - 1,segunda
https://resultados.as.com/resultados/futbol/segunda/2017_2018/jornada/regular_a_2/,Huesca - Lorca FC en directo,2 - 0,segunda
https://resultados.as.com/resultados/futbol/segunda/2017_2018/jornada/regular_a_2/,Rayo - Numancia en directo,2 - 2,segunda
https://resultados.as.com/resultados/futbol/segunda/2017_2018/jornada/regular_a_2/,Sevilla Atlético - Valladolid en directo,1 - 2,segunda
https://resultados.as.com/resultados/futbol/segunda/2017_2018/jornada/regular_a_2/,Cádiz - Alcorcón en directo,0 - 0,segunda
https://resultados.as.com/resultados/futbol/segunda/2017_2018/jornada/regular_a_2/,Real Zaragoza - Granada en directo,1 - 1,segunda
https://resultados.as.com/resultados/futbol/segunda/2017_2018/jornada/regular_a_2/,Reus - Gimnàstic en directo,1 - 1,segunda
https://resultados.as.com/resultados/futbol/segunda/2017_2018/jornada/regular_a_2/,Sporting - Lugo en directo,2 - 0,segunda
https://resultados.as.com/resultados/futbol/segunda/2017_2018/jornada/regular_a_2/,Barcelona B - Tenerife en directo,0 - 3,segunda
https://resultados.as.com/resultados/futbol/segunda/2017_2018/jornada/regular_a_3/,Granada - Barcelona B en directo,2 - 2,segunda
https://resultados.as.com/resultados/futbol/segunda/2017_2018/jornada/regular_a_6/,Almería - Sevilla Atlético en directo,3 - 0,segunda
https://resultados.as.com/resultados/futbol/segunda/2017_2018/jornada/regular_a_7/,Cultural - Almería en directo,0 - 0,segunda
https://resultados.as.com/resultados/futbol/segunda/2017_2018/jornada/regular_a_3/,Gimnàstic - Sporting en directo,0 - 4,segunda
https://resultados.as.com/resultados/futbol/segunda/2017_2018/jornada/regular_a_3/,Lorca FC - Rayo en directo,0 - 0,segunda
https://resultados.as.com/resultados/futbol/segunda/2017_2018/jornada/regular_a_3/,Lugo - Cádiz en directo,0 - 1,segunda
https://resultados.as.com/resultados/futbol/segunda/2017_2018/jornada/regular_a_3/,Numancia - Almería en directo,1 - 0,segunda
https://resultados.as.com/resultados/futbol/segunda/2017_2018/jornada/regular_a_3/,Osasuna - Huesca en directo,1 - 1,segunda
https://resultados.as.com/resultados/futbol/segunda/2017_2018/jornada/regular_a_3/,Córdoba - Real Zaragoza en directo,1 - 2,segunda
https://resultados.as.com/resultados/futbol/segunda/2017_2018/jornada/regular_a_3/,Oviedo - Reus en directo,3 - 0,segunda
https://resultados.as.com/resultados/futbol/segunda/2017_2018/jornada/regular_a_3/,Valladolid - Tenerife en directo,2 - 0,segunda
https://resultados.as.com/resultados/futbol/segunda/2017_2018/jornada/regular_a_6/,Granada - Córdoba en directo,3 - 1,segunda
https://resultados.as.com/resultados/futbol/segunda/2017_2018/jornada/regular_a_6/,Reus - Osasuna en directo,0 - 0,segunda
https://resultados.as.com/resultados/futbol/segunda/2017_2018/jornada/regular_a_6/,Sporting - Lorca FC en directo,1 - 0,segunda
https://resultados.as.com/resultados/futbol/segunda/2017_2018/jornada/regular_a_6/,Tenerife - Alcorcón en directo,4 - 0,segunda
https://resultados.as.com/resultados/futbol/segunda/2017_2018/jornada/regular_a_6/,Albacete - Oviedo en directo,2 - 1,segunda
https://resultados.as.com/resultados/futbol/segunda/2017_2018/jornada/regular_a_6/,Cádiz - Numancia en directo,0 - 0,segunda
https://resultados.as.com/resultados/futbol/segunda/2017_2018/jornada/regular_a_7/,Lorca FC - Cádiz en directo,3 - 0,segunda
https://resultados.as.com/resultados/futbol/segunda/2017_2018/jornada/regular_a_7/,Numancia - Albacete en directo,5 - 1,segunda
https://resultados.as.com/resultados/futbol/segunda/2017_2018/jornada/regular_a_7/,Valladolid - Córdoba en directo,4 - 1,segunda
https://resultados.as.com/resultados/futbol/segunda/2017_2018/jornada/regular_a_3/,Sevilla Atlético - Cultural en directo,1 - 2,segunda
https://resultados.as.com/resultados/futbol/segunda/2017_2018/jornada/regular_a_3/,Alcorcón - Albacete en directo,1 - 0,segunda
https://resultados.as.com/resultados/futbol/segunda/2017_2018/jornada/regular_a_6/,Huesca - Valladolid en directo,1 - 0,segunda
https://resultados.as.com/resultados/futbol/segunda/2017_2018/jornada/regular_a_6/,Rayo - Cultural en directo,3 - 1,segunda
https://resultados.as.com/resultados/futbol/segunda/2017_2018/jornada/regular_a_6/,Real Zaragoza - Gimnàstic en directo,1 - 1,segunda
https://resultados.as.com/resultados/futbol/segunda/2017_2018/jornada/regular_a_6/,Barcelona B - Lugo en directo,1 - 2,segunda
https://resultados.as.com/resultados/futbol/segunda/2017_2018/jornada/regular_a_7/,Alcorcón - Granada en directo,1 - 2,segunda
https://resultados.as.com/resultados/futbol/segunda/2017_2018/jornada/regular_a_7/,Huesca - Rayo en directo,2 - 1,segunda
https://resultados.as.com/resultados/futbol/segunda/2017_2018/jornada/regular_a_7/,Lugo - Tenerife en directo,1 - 0,segunda
https://resultados.as.com/resultados/futbol/segunda/2017_2018/jornada/regular_a_7/,Osasuna - Sporting en directo,2 - 0,segunda
https://resultados.as.com/resultados/futbol/segunda/2017_2018/jornada/regular_a_7/,Sevilla Atlético - Reus en directo,0 - 1,segunda
https://resultados.as.com/resultados/futbol/segunda/2017_2018/jornada/regular_a_7/,Oviedo - Real Zaragoza en directo,2 - 2,segunda
https://resultados.as.com/resultados/futbol/segunda/2017_2018/jornada/regular_a_7/,Gimnàstic - Barcelona B en directo,0 - 0,segunda
https://resultados.as.com/resultados/futbol/segunda/2017_2018/jornada/regular_a_11/,Osasuna - Barcelona B en directo,2 - 2,segunda
https://resultados.as.com/resultados/futbol/segunda/2017_2018/jornada/regular_a_12/,Real Zaragoza - Cultural en directo,0 - 0,segunda
https://resultados.as.com/resultados/futbol/segunda/2017_2018/jornada/regular_a_9/,Cultural - Sporting en directo,0 - 2,segunda
https://resultados.as.com/resultados/futbol/segunda/2017_2018/jornada/regular_a_11/,Huesca - Cádiz en directo,1 - 0,segunda
https://resultados.as.com/resultados/futbol/segunda/2017_2018/jornada/regular_a_11/,Lorca FC - Tenerife en directo,2 - 2,segunda
https://resultados.as.com/resultados/futbol/segunda/2017_2018/jornada/regular_a_11/,Numancia - Granada en directo,1 - 3,segunda
https://resultados.as.com/resultados/futbol/segunda/2017_2018/jornada/regular_a_11/,Sevilla Atlético - Real Zaragoza en directo,2 - 2,segunda
https://resultados.as.com/resultados/futbol/segunda/2017_2018/jornada/regular_a_11/,Almería - Reus en directo,0 - 1,segunda
https://resultados.as.com/resultados/futbol/segunda/2017_2018/jornada/regular_a_11/,Gimnàstic - Alcorcón en directo,0 - 3,segunda
https://resultados.as.com/resultados/futbol/segunda/2017_2018/jornada/regular_a_11/,Rayo - Sporting en directo,1 - 1,segunda
https://resultados.as.com/resultados/futbol/segunda/2017_2018/jornada/regular_a_11/,Oviedo - Córdoba en directo,2 - 0,segunda
https://resultados.as.com/resultados/futbol/segunda/2017_2018/jornada/regular_a_11/,Valladolid - Lugo en directo,2 - 2,segunda
https://resultados.as.com/resultados/futbol/segunda/2017_2018/jornada/regular_a_11/,Cultural - Albacete en directo,0 - 0,segunda
https://resultados.as.com/resultados/futbol/segunda/2017_2018/jornada/regular_a_12/,Albacete - Huesca en directo,0 - 0,segunda
https://resultados.as.com/resultados/futbol/segunda/2017_2018/jornada/regular_a_12/,Cádiz - Rayo en directo,0 - 0,segunda
https://resultados.as.com/resultados/futbol/segunda/2017_2018/jornada/regular_a_12/,Lugo - Gimnàstic en directo,1 - 0,segunda
https://resultados.as.com/resultados/futbol/segunda/2017_2018/jornada/regular_a_12/,Sporting - Almería en directo,2 - 0,segunda
https://resultados.as.com/resultados/futbol/segunda/2017_2018/jornada/regular_a_12/,Alcorcón - Oviedo en directo,2 - 0,segunda
https://resultados.as.com/resultados/futbol/segunda/2017_2018/jornada/regular_a_12/,Barcelona B - Sevilla Atlético en directo,1 - 1,segunda
https://resultados.as.com/resultados/futbol/segunda/2017_2018/jornada/regular_a_12/,Córdoba - Numancia en directo,1 - 1,segunda
https://resultados.as.com/resultados/futbol/segunda/2017_2018/jornada/regular_a_12/,Reus - Valladolid en directo,2 - 2,segunda
https://resultados.as.com/resultados/futbol/segunda/2017_2018/jornada/regular_a_12/,Tenerife - Osasuna en directo,0 - 0,segunda
https://resultados.as.com/resultados/futbol/segunda/2017_2018/jornada/regular_a_12/,Granada - Lorca FC en directo,4 - 1,segunda
https://resultados.as.com/resultados/futbol/segunda/2017_2018/jornada/regular_a_9/,Huesca - Reus en directo,1 - 1,segunda
https://resultados.as.com/resultados/futbol/segunda/2017_2018/jornada/regular_a_9/,Gimnàstic - Granada en directo,2 - 0,segunda
https://resultados.as.com/resultados/futbol/segunda/2017_2018/jornada/regular_a_9/,Lorca FC - Real Zaragoza en directo,0 - 2,segunda
https://resultados.as.com/resultados/futbol/segunda/2017_2018/jornada/regular_a_9/,Numancia - Barcelona B en directo,1 - 0,segunda
https://resultados.as.com/resultados/futbol/segunda/2017_2018/jornada/regular_a_9/,Oviedo - Tenerife en directo,1 - 1,segunda
https://resultados.as.com/resultados/futbol/segunda/2017_2018/jornada/regular_a_9/,Sevilla Atlético - Cádiz en directo,0 - 0,segunda
https://resultados.as.com/resultados/futbol/segunda/2017_2018/jornada/regular_a_9/,Lugo - Córdoba en directo,2 - 0,segunda
https://resultados.as.com/resultados/futbol/segunda/2017_2018/jornada/regular_a_9/,Osasuna - Albacete en directo,1 - 0,segunda
https://resultados.as.com/resultados/futbol/segunda/2017_2018/jornada/regular_a_9/,Rayo - Almería en directo,1 - 0,segunda
https://resultados.as.com/resultados/futbol/segunda/2017_2018/jornada/regular_a_9/,Valladolid - Alcorcón en directo,4 - 0,segunda
https://resultados.as.com/resultados/futbol/segunda/2017_2018/jornada/regular_a_13/,Numancia - Alcorcón en directo,1 - 0,segunda
https://resultados.as.com/resultados/futbol/segunda/2017_2018/jornada/regular_a_10/,Sporting - Huesca en directo,1 - 1,segunda
https://resultados.as.com/resultados/futbol/segunda/2017_2018/jornada/regular_a_13/,Lorca FC - Córdoba en directo,1 - 0,segunda
https://resultados.as.com/resultados/futbol/segunda/2017_2018/jornada/regular_a_13/,Rayo - Albacete en directo,1 - 1,segunda
https://resultados.as.com/resultados/futbol/segunda/2017_2018/jornada/regular_a_13/,Reus - Sporting en directo,1 - 0,segunda
https://resultados.as.com/resultados/futbol/segunda/2017_2018/jornada/regular_a_13/,Sevilla Atlético - Tenerife en directo,1 - 1,segunda
https://resultados.as.com/resultados/futbol/segunda/2017_2018/jornada/regular_a_13/,Almería - Cádiz en directo,0 - 2,segunda
https://resultados.as.com/resultados/futbol/segunda/2017_2018/jornada/regular_a_13/,Cultural - Barcelona B en directo,1 - 1,segunda
https://resultados.as.com/resultados/futbol/segunda/2017_2018/jornada/regular_a_13/,Osasuna - Granada en directo,0 - 0,segunda
https://resultados.as.com/resultados/futbol/segunda/2017_2018/jornada/regular_a_13/,Oviedo - Lugo en directo,3 - 2,segunda
https://resultados.as.com/resultados/futbol/segunda/2017_2018/jornada/regular_a_13/,Valladolid - Gimnàstic en directo,0 - 3,segunda
https://resultados.as.com/resultados/futbol/segunda/2017_2018/jornada/regular_a_13/,Huesca - Real Zaragoza en directo,3 - 1,segunda
https://resultados.as.com/resultados/futbol/segunda/2017_2018/jornada/regular_a_15/,Almería - Real Zaragoza en directo,3 - 0,segunda
https://resultados.as.com/resultados/futbol/segunda/2017_2018/jornada/regular_a_10/,Barcelona B - Lorca FC en directo,1 - 0,segunda
https://resultados.as.com/resultados/futbol/segunda/2017_2018/jornada/regular_a_10/,Cádiz - Cultural en directo,2 - 2,segunda
https://resultados.as.com/resultados/futbol/segunda/2017_2018/jornada/regular_a_10/,Granada - Oviedo en directo,2 - 0,segunda
https://resultados.as.com/resultados/futbol/segunda/2017_2018/jornada/regular_a_10/,Tenerife - Numancia en directo,1 - 1,segunda
https://resultados.as.com/resultados/futbol/segunda/2017_2018/jornada/regular_a_10/,Albacete - Sevilla Atlético en directo,2 - 1,segunda
https://resultados.as.com/resultados/futbol/segunda/2017_2018/jornada/regular_a_10/,Almería - Valladolid en directo,1 - 1,segunda
https://resultados.as.com/resultados/futbol/segunda/2017_2018/jornada/regular_a_10/,Córdoba - Gimnàstic en directo,1 - 5,segunda
https://resultados.as.com/resultados/futbol/segunda/2017_2018/jornada/regular_a_10/,Real Zaragoza - Osasuna en directo,1 - 1,segunda
https://resultados.as.com/resultados/futbol/segunda/2017_2018/jornada/regular_a_10/,Reus - Rayo en directo,0 - 2,segunda
https://resultados.as.com/resultados/futbol/segunda/2017_2018/jornada/regular_a_10/,Alcorcón - Lugo en directo,0 - 1,segunda
https://resultados.as.com/resultados/futbol/segunda/2017_2018/jornada/regular_a_15/,Huesca - Tenerife en directo,3 - 0,segunda
https://resultados.as.com/resultados/futbol/segunda/2017_2018/jornada/regular_a_15/,Lorca FC - Lugo en directo,1 - 2,segunda
https://resultados.as.com/resultados/futbol/segunda/2017_2018/jornada/regular_a_15/,Valladolid - Oviedo en directo,3 - 1,segunda
https://resultados.as.com/resultados/futbol/segunda/2017_2018/jornada/regular_a_15/,Reus - Albacete en directo,1 - 1,segunda
https://resultados.as.com/resultados/futbol/segunda/2017_2018/jornada/regular_a_15/,Cultural - Granada en directo,1 - 1,segunda
https://resultados.as.com/resultados/futbol/segunda/2017_2018/jornada/regular_a_15/,Numancia - Gimnàstic en directo,1 - 2,segunda
https://resultados.as.com/resultados/futbol/segunda/2017_2018/jornada/regular_a_15/,Osasuna - Alcorcón en directo,2 - 3,segunda
https://resultados.as.com/resultados/futbol/segunda/2017_2018/jornada/regular_a_15/,Rayo - Barcelona B en directo,1 - 0,segunda
https://resultados.as.com/resultados/futbol/segunda/2017_2018/jornada/regular_a_15/,Sevilla Atlético - Córdoba en directo,1 - 1,segunda
https://resultados.as.com/resultados/futbol/segunda/2017_2018/jornada/regular_a_15/,Sporting - Cádiz en directo,0 - 3,segunda
https://resultados.as.com/resultados/futbol/segunda/2017_2018/jornada/regular_a_14/,Córdoba - Osasuna en directo,0 - 1,segunda
https://resultados.as.com/resultados/futbol/segunda/2017_2018/jornada/regular_a_16/,Tenerife - Rayo en directo,2 - 2,segunda
https://resultados.as.com/resultados/futbol/segunda/2017_2018/jornada/regular_a_14/,Albacete - Almería en directo,2 - 0,segunda
https://resultados.as.com/resultados/futbol/segunda/2017_2018/jornada/regular_a_14/,Alcorcón - Lorca FC en directo,1 - 1,segunda
https://resultados.as.com/resultados/futbol/segunda/2017_2018/jornada/regular_a_14/,Barcelona B - Huesca en directo,0 - 2,segunda
https://resultados.as.com/resultados/futbol/segunda/2017_2018/jornada/regular_a_14/,Real Zaragoza - Rayo en directo,3 - 2,segunda
https://resultados.as.com/resultados/futbol/segunda/2017_2018/jornada/regular_a_14/,Tenerife - Cultural en directo,2 - 0,segunda
https://resultados.as.com/resultados/futbol/segunda/2017_2018/jornada/regular_a_14/,Gimnàstic - Oviedo en directo,1 - 2,segunda
https://resultados.as.com/resultados/futbol/segunda/2017_2018/jornada/regular_a_14/,Granada - Sevilla Atlético en directo,1 - 2,segunda
https://resultados.as.com/resultados/futbol/segunda/2017_2018/jornada/regular_a_14/,Lugo - Numancia en directo,0 - 1,segunda
https://resultados.as.com/resultados/futbol/segunda/2017_2018/jornada/regular_a_14/,Sporting - Valladolid en directo,1 - 1,segunda
https://resultados.as.com/resultados/futbol/segunda/2017_2018/jornada/regular_a_14/,Cádiz - Reus en directo,1 - 0,segunda
https://resultados.as.com/resultados/futbol/segunda/2017_2018/jornada/regular_a_16/,Alcorcón - Sevilla Atlético en directo,0 - 0,segunda
https://resultados.as.com/resultados/futbol/segunda/2017_2018/jornada/regular_a_16/,Cádiz - Valladolid en directo,1 - 0,segunda
https://resultados.as.com/resultados/futbol/segunda/2017_2018/jornada/regular_a_16/,Gimnàstic - Lorca FC en directo,0 - 2,segunda
https://resultados.as.com/resultados/futbol/segunda/2017_2018/jornada/regular_a_16/,Oviedo - Numancia en directo,3 - 1,segunda
https://resultados.as.com/resultados/futbol/segunda/2017_2018/jornada/regular_a_16/,Real Zaragoza - Reus en directo,0 - 0,segunda
https://resultados.as.com/resultados/futbol/segunda/2017_2018/jornada/regular_a_16/,Albacete - Sporting en directo,2 - 2,segunda
https://resultados.as.com/resultados/futbol/segunda/2017_2018/jornada/regular_a_16/,Barcelona B - Almería en directo,1 - 1,segunda
https://resultados.as.com/resultados/futbol/segunda/2017_2018/jornada/regular_a_16/,Córdoba - Cultural en directo,2 - 2,segunda
https://resultados.as.com/resultados/futbol/segunda/2017_2018/jornada/regular_a_16/,Granada - Huesca en directo,2 - 0,segunda
https://resultados.as.com/resultados/futbol/segunda/2017_2018/jornada/regular_a_16/,Lugo - Osasuna en directo,1 - 0,segunda
https://resultados.as.com/resultados/futbol/segunda/2017_2018/jornada/regular_a_17/,Huesca - Córdoba en directo,3 - 1,segunda
https://resultados.as.com/resultados/futbol/segunda/2017_2018/jornada/regular_a_17/,Lorca FC - Oviedo en directo,0 - 2,segunda
https://resultados.as.com/resultados/futbol/segunda/2017_2018/jornada/regular_a_17/,Rayo - Granada en directo,1 - 0,segunda
https://resultados.as.com/resultados/futbol/segunda/2017_2018/jornada/regular_a_17/,Reus - Barcelona B en directo,2 - 1,segunda
https://resultados.as.com/resultados/futbol/segunda/2017_2018/jornada/regular_a_17/,Almería - Tenerife en directo,2 - 1,segunda
https://resultados.as.com/resultados/futbol/segunda/2017_2018/jornada/regular_a_17/,Cultural - Alcorcón en directo,2 - 2,segunda
https://resultados.as.com/resultados/futbol/segunda/2017_2018/jornada/regular_a_17/,Cádiz - Albacete en directo,2 - 0,segunda
https://resultados.as.com/resultados/futbol/segunda/2017_2018/jornada/regular_a_17/,Valladolid - Numancia en directo,2 - 3,segunda
https://resultados.as.com/resultados/futbol/segunda/2017_2018/jornada/regular_a_17/,Sevilla Atlético - Lugo en directo,1 - 1,segunda
https://resultados.as.com/resultados/futbol/segunda/2017_2018/jornada/regular_a_17/,Sporting - Real Zaragoza en directo,0 - 1,segunda
https://resultados.as.com/resultados/futbol/segunda/2017_2018/jornada/regular_a_17/,Osasuna - Gimnàstic en directo,0 - 2,segunda
https://resultados.as.com/resultados/futbol/segunda/2017_2018/jornada/regular_a_21/,Cádiz - Granada en directo,1 - 0,segunda
https://resultados.as.com/resultados/futbol/segunda/2017_2018/jornada/regular_a_21/,Rayo - Gimnàstic en directo,2 - 3,segunda
https://resultados.as.com/resultados/futbol/segunda/2017_2018/jornada/regular_a_21/,Real Zaragoza - Barcelona B en directo,1 - 1,segunda
https://resultados.as.com/resultados/futbol/segunda/2017_2018/jornada/regular_a_21/,Reus - Alcorcón en directo,1 - 1,segunda
https://resultados.as.com/resultados/futbol/segunda/2017_2018/jornada/regular_a_21/,Sporting - Córdoba en directo,3 - 2,segunda
https://resultados.as.com/resultados/futbol/segunda/2017_2018/jornada/regular_a_21/,Albacete - Tenerife en directo,1 - 2,segunda
https://resultados.as.com/resultados/futbol/segunda/2017_2018/jornada/regular_a_21/,Almería - Lugo en directo,1 - 0,segunda
https://resultados.as.com/resultados/futbol/segunda/2017_2018/jornada/regular_a_21/,Cultural - Numancia en directo,2 - 2,segunda
https://resultados.as.com/resultados/futbol/segunda/2017_2018/jornada/regular_a_21/,Huesca - Oviedo en directo,1 - 1,segunda
https://resultados.as.com/resultados/futbol/segunda/2017_2018/jornada/regular_a_21/,Osasuna - Valladolid en directo,4 - 2,segunda
https://resultados.as.com/resultados/futbol/segunda/2017_2018/jornada/regular_a_21/,Sevilla Atlético - Lorca FC en directo,3 - 2,segunda
https://resultados.as.com/resultados/futbol/segunda/2017_2018/jornada/regular_a_18/,Barcelona B - Sporting en directo,2 - 1,segunda
https://resultados.as.com/resultados/futbol/segunda/2017_2018/jornada/regular_a_18/,Granada - Almería en directo,3 - 2,segunda
https://resultados.as.com/resultados/futbol/segunda/2017_2018/jornada/regular_a_18/,Albacete - Valladolid en directo,2 - 1,segunda
https://resultados.as.com/resultados/futbol/segunda/2017_2018/jornada/regular_a_18/,Alcorcón - Huesca en directo,1 - 1,segunda
https://resultados.as.com/resultados/futbol/segunda/2017_2018/jornada/regular_a_18/,Numancia - Lorca FC en directo,1 - 0,segunda
https://resultados.as.com/resultados/futbol/segunda/2017_2018/jornada/regular_a_18/,Real Zaragoza - Cádiz en directo,0 - 2,segunda
https://resultados.as.com/resultados/futbol/segunda/2017_2018/jornada/regular_a_18/,Córdoba - Rayo en directo,2 - 2,segunda
https://resultados.as.com/resultados/futbol/segunda/2017_2018/jornada/regular_a_18/,Gimnàstic - Sevilla Atlético en directo,2 - 1,segunda
https://resultados.as.com/resultados/futbol/segunda/2017_2018/jornada/regular_a_18/,Lugo - Cultural en directo,3 - 1,segunda
https://resultados.as.com/resultados/futbol/segunda/2017_2018/jornada/regular_a_18/,Oviedo - Osasuna en directo,1 - 0,segunda
https://resultados.as.com/resultados/futbol/segunda/2017_2018/jornada/regular_a_18/,Tenerife - Reus en directo,3 - 0,segunda
https://resultados.as.com/resultados/futbol/segunda/2017_2018/jornada/regular_a_24/,Real Zaragoza - Córdoba en directo,1 - 0,segunda
https://resultados.as.com/resultados/futbol/segunda/2017_2018/jornada/regular_a_24/,Albacete - Alcorcón en directo,2 - 0,segunda
https://resultados.as.com/resultados/futbol/segunda/2017_2018/jornada/regular_a_24/,Barcelona B - Granada en directo,3 - 0,segunda
https://resultados.as.com/resultados/futbol/segunda/2017_2018/jornada/regular_a_24/,Cádiz - Lugo en directo,1 - 1,segunda
https://resultados.as.com/resultados/futbol/segunda/2017_2018/jornada/regular_a_24/,Rayo - Lorca FC en directo,5 - 1,segunda
https://resultados.as.com/resultados/futbol/segunda/2017_2018/jornada/regular_a_24/,Reus - Oviedo en directo,0 - 0,segunda
https://resultados.as.com/resultados/futbol/segunda/2017_2018/jornada/regular_a_24/,Almería - Numancia en directo,0 - 0,segunda
https://resultados.as.com/resultados/futbol/segunda/2017_2018/jornada/regular_a_24/,Cultural - Sevilla Atlético en directo,2 - 1,segunda
https://resultados.as.com/resultados/futbol/segunda/2017_2018/jornada/regular_a_24/,Huesca - Osasuna en directo,1 - 0,segunda
https://resultados.as.com/resultados/futbol/segunda/2017_2018/jornada/regular_a_24/,Sporting - Gimnàstic en directo,2 - 0,segunda
https://resultados.as.com/resultados/futbol/segunda/2017_2018/jornada/regular_a_24/,Tenerife - Valladolid en directo,0 - 0,segunda
https://resultados.as.com/resultados/futbol/segunda/2017_2018/jornada/regular_a_23/,Granada - Real Zaragoza en directo,2 - 1,segunda
https://resultados.as.com/resultados/futbol/segunda/2017_2018/jornada/regular_a_20/,Barcelona B - Albacete en directo,0 - 1,segunda
https://resultados.as.com/resultados/futbol/segunda/2017_2018/jornada/regular_a_23/,Córdoba - Albacete en directo,1 - 0,segunda
https://resultados.as.com/resultados/futbol/segunda/2017_2018/jornada/regular_a_23/,Lorca FC - Huesca en directo,2 - 3,segunda
https://resultados.as.com/resultados/futbol/segunda/2017_2018/jornada/regular_a_23/,Lugo - Sporting en directo,3 - 1,segunda
https://resultados.as.com/resultados/futbol/segunda/2017_2018/jornada/regular_a_23/,Oviedo - Almería en directo,2 - 1,segunda
https://resultados.as.com/resultados/futbol/segunda/2017_2018/jornada/regular_a_23/,Valladolid - Sevilla Atlético en directo,1 - 0,segunda
https://resultados.as.com/resultados/futbol/segunda/2017_2018/jornada/regular_a_23/,Alcorcón - Cádiz en directo,1 - 0,segunda
https://resultados.as.com/resultados/futbol/segunda/2017_2018/jornada/regular_a_23/,Gimnàstic - Reus en directo,1 - 2,segunda
https://resultados.as.com/resultados/futbol/segunda/2017_2018/jornada/regular_a_23/,Numancia - Rayo en directo,0 - 0,segunda
https://resultados.as.com/resultados/futbol/segunda/2017_2018/jornada/regular_a_23/,Osasuna - Cultural en directo,2 - 1,segunda
https://resultados.as.com/resultados/futbol/segunda/2017_2018/jornada/regular_a_23/,Tenerife - Barcelona B en directo,1 - 3,segunda
https://resultados.as.com/resultados/futbol/segunda/2017_2018/jornada/regular_a_19/,Cádiz - Barcelona B en directo,3 - 1,segunda
https://resultados.as.com/resultados/futbol/segunda/2017_2018/jornada/regular_a_20/,Valladolid - Real Zaragoza en directo,3 - 2,segunda
https://resultados.as.com/resultados/futbol/segunda/2017_2018/jornada/regular_a_20/,Córdoba - Reus en directo,5 - 0,segunda
https://resultados.as.com/resultados/futbol/segunda/2017_2018/jornada/regular_a_20/,Granada - Sporting en directo,2 - 1,segunda
https://resultados.as.com/resultados/futbol/segunda/2017_2018/jornada/regular_a_20/,Lorca FC - Osasuna en directo,0 - 1,segunda
https://resultados.as.com/resultados/futbol/segunda/2017_2018/jornada/regular_a_20/,Numancia - Sevilla Atlético en directo,3 - 0,segunda
https://resultados.as.com/resultados/futbol/segunda/2017_2018/jornada/regular_a_20/,Tenerife - Cádiz en directo,1 - 1,segunda
https://resultados.as.com/resultados/futbol/segunda/2017_2018/jornada/regular_a_20/,Alcorcón - Almería en directo,2 - 0,segunda
https://resultados.as.com/resultados/futbol/segunda/2017_2018/jornada/regular_a_20/,Lugo - Rayo en directo,1 - 2,segunda
https://resultados.as.com/resultados/futbol/segunda/2017_2018/jornada/regular_a_20/,Gimnàstic - Huesca en directo,1 - 2,segunda
https://resultados.as.com/resultados/futbol/segunda/2017_2018/jornada/regular_a_20/,Oviedo - Cultural en directo,3 - 0,segunda
https://resultados.as.com/resultados/futbol/segunda/2017_2018/jornada/regular_a_19/,Albacete - Real Zaragoza en directo,0 - 0,segunda
https://resultados.as.com/resultados/futbol/segunda/2017_2018/jornada/regular_a_19/,Almería - Córdoba en directo,1 - 0,segunda
https://resultados.as.com/resultados/futbol/segunda/2017_2018/jornada/regular_a_19/,Osasuna - Numancia en directo,2 - 2,segunda
https://resultados.as.com/resultados/futbol/segunda/2017_2018/jornada/regular_a_19/,Valladolid - Lorca FC en directo,3 - 0,segunda
https://resultados.as.com/resultados/futbol/segunda/2017_2018/jornada/regular_a_19/,Reus - Granada en directo,0 - 0,segunda
https://resultados.as.com/resultados/futbol/segunda/2017_2018/jornada/regular_a_19/,Cultural - Gimnàstic en directo,2 - 0,segunda
https://resultados.as.com/resultados/futbol/segunda/2017_2018/jornada/regular_a_19/,Huesca - Lugo en directo,3 - 0,segunda
https://resultados.as.com/resultados/futbol/segunda/2017_2018/jornada/regular_a_19/,Rayo - Alcorcón en directo,2 - 1,segunda
https://resultados.as.com/resultados/futbol/segunda/2017_2018/jornada/regular_a_19/,Sevilla Atlético - Oviedo en directo,0 - 1,segunda
https://resultados.as.com/resultados/futbol/segunda/2017_2018/jornada/regular_a_19/,Sporting - Tenerife en directo,3 - 0,segunda
https://resultados.as.com/resultados/futbol/segunda/2017_2018/jornada/regular_a_22/,Rayo - Oviedo en directo,2 - 2,segunda
https://resultados.as.com/resultados/futbol/segunda/2017_2018/jornada/regular_a_25/,Osasuna - Rayo en directo,1 - 1,segunda
https://resultados.as.com/resultados/futbol/segunda/2017_2018/jornada/regular_a_22/,Almería - Gimnàstic en directo,1 - 1,segunda
https://resultados.as.com/resultados/futbol/segunda/2017_2018/jornada/regular_a_22/,Barcelona B - Valladolid en directo,0 - 1,segunda
https://resultados.as.com/resultados/futbol/segunda/2017_2018/jornada/regular_a_22/,Real Zaragoza - Tenerife en directo,1 - 0,segunda
https://resultados.as.com/resultados/futbol/segunda/2017_2018/jornada/regular_a_22/,Reus - Lugo en directo,0 - 1,segunda
https://resultados.as.com/resultados/futbol/segunda/2017_2018/jornada/regular_a_22/,Sporting - Alcorcón en directo,3 - 0,segunda
https://resultados.as.com/resultados/futbol/segunda/2017_2018/jornada/regular_a_22/,Albacete - Granada en directo,2 - 1,segunda
https://resultados.as.com/resultados/futbol/segunda/2017_2018/jornada/regular_a_22/,Cultural - Lorca FC en directo,2 - 1,segunda
https://resultados.as.com/resultados/futbol/segunda/2017_2018/jornada/regular_a_22/,Cádiz - Córdoba en directo,2 - 0,segunda
https://resultados.as.com/resultados/futbol/segunda/2017_2018/jornada/regular_a_22/,Huesca - Numancia en directo,2 - 1,segunda
https://resultados.as.com/resultados/futbol/segunda/2017_2018/jornada/regular_a_22/,Sevilla Atlético - Osasuna en directo,0 - 1,segunda
https://resultados.as.com/resultados/futbol/segunda/2017_2018/jornada/regular_a_25/,Alcorcón - Real Zaragoza en directo,1 - 1,segunda
https://resultados.as.com/resultados/futbol/segunda/2017_2018/jornada/regular_a_25/,Gimnàstic - Cádiz en directo,0 - 0,segunda
https://resultados.as.com/resultados/futbol/segunda/2017_2018/jornada/regular_a_25/,Granada - Tenerife en directo,2 - 1,segunda
https://resultados.as.com/resultados/futbol/segunda/2017_2018/jornada/regular_a_25/,Lorca FC - Almería en directo,1 - 2,segunda
https://resultados.as.com/resultados/futbol/segunda/2017_2018/jornada/regular_a_25/,Valladolid - Cultural en directo,3 - 2,segunda
https://resultados.as.com/resultados/futbol/segunda/2017_2018/jornada/regular_a_25/,Córdoba - Barcelona B en directo,1 - 2,segunda
https://resultados.as.com/resultados/futbol/segunda/2017_2018/jornada/regular_a_25/,Lugo - Albacete en directo,1 - 1,segunda
https://resultados.as.com/resultados/futbol/segunda/2017_2018/jornada/regular_a_25/,Numancia - Reus en directo,1 - 0,segunda
https://resultados.as.com/resultados/futbol/segunda/2017_2018/jornada/regular_a_25/,Oviedo - Sporting en directo,2 - 1,segunda
https://resultados.as.com/resultados/futbol/segunda/2017_2018/jornada/regular_a_25/,Sevilla Atlético - Huesca en directo,0 - 1,segunda
https://resultados.as.com/resultados/futbol/segunda/2017_2018/jornada/regular_a_27/,Valladolid - Huesca en directo,3 - 2,segunda
https://resultados.as.com/resultados/futbol/segunda/2017_2018/jornada/regular_a_27/,Alcorcón - Tenerife en directo,1 - 1,segunda
https://resultados.as.com/resultados/futbol/segunda/2017_2018/jornada/regular_a_27/,Gimnàstic - Real Zaragoza en directo,0 - 2,segunda
https://resultados.as.com/resultados/futbol/segunda/2017_2018/jornada/regular_a_27/,Lorca FC - Sporting en directo,0 - 0,segunda
https://resultados.as.com/resultados/futbol/segunda/2017_2018/jornada/regular_a_27/,Osasuna - Reus en directo,0 - 0,segunda
https://resultados.as.com/resultados/futbol/segunda/2017_2018/jornada/regular_a_27/,Oviedo - Albacete en directo,0 - 0,segunda
https://resultados.as.com/resultados/futbol/segunda/2017_2018/jornada/regular_a_27/,Cultural - Rayo en directo,2 - 3,segunda
https://resultados.as.com/resultados/futbol/segunda/2017_2018/jornada/regular_a_27/,Córdoba - Granada en directo,1 - 2,segunda
https://resultados.as.com/resultados/futbol/segunda/2017_2018/jornada/regular_a_27/,Lugo - Barcelona B en directo,1 - 2,segunda
https://resultados.as.com/resultados/futbol/segunda/2017_2018/jornada/regular_a_27/,Numancia - Cádiz en directo,1 - 0,segunda
https://resultados.as.com/resultados/futbol/segunda/2017_2018/jornada/regular_a_27/,Sevilla Atlético - Almería en directo,0 - 3,segunda
https://resultados.as.com/resultados/futbol/segunda/2017_2018/jornada/regular_a_26/,Granada - Valladolid en directo,1 - 0,segunda
https://resultados.as.com/resultados/futbol/segunda/2017_2018/jornada/regular_a_26/,Almería - Osasuna en directo,0 - 1,segunda
https://resultados.as.com/resultados/futbol/segunda/2017_2018/jornada/regular_a_26/,Barcelona B - Alcorcón en directo,0 - 1,segunda
https://resultados.as.com/resultados/futbol/segunda/2017_2018/jornada/regular_a_26/,Cádiz - Oviedo en directo,2 - 1,segunda
https://resultados.as.com/resultados/futbol/segunda/2017_2018/jornada/regular_a_26/,Sporting - Numancia en directo,2 - 0,segunda
https://resultados.as.com/resultados/futbol/segunda/2017_2018/jornada/regular_a_26/,Albacete - Gimnàstic en directo,0 - 1,segunda
https://resultados.as.com/resultados/futbol/segunda/2017_2018/jornada/regular_a_26/,Huesca - Cultural en directo,1 - 0,segunda
https://resultados.as.com/resultados/futbol/segunda/2017_2018/jornada/regular_a_26/,Rayo - Sevilla Atlético en directo,2 - 0,segunda
https://resultados.as.com/resultados/futbol/segunda/2017_2018/jornada/regular_a_26/,Real Zaragoza - Lugo en directo,2 - 0,segunda
https://resultados.as.com/resultados/futbol/segunda/2017_2018/jornada/regular_a_26/,Reus - Lorca FC en directo,3 - 0,segunda
https://resultados.as.com/resultados/futbol/segunda/2017_2018/jornada/regular_a_26/,Tenerife - Córdoba en directo,5 - 1,segunda
https://resultados.as.com/resultados/futbol/segunda/2017_2018/jornada/regular_a_28/,Sporting - Osasuna en directo,2 - 0,segunda
https://resultados.as.com/resultados/futbol/segunda/2017_2018/jornada/regular_a_31/,Sevilla Atlético - Albacete en directo,1 - 2,segunda
https://resultados.as.com/resultados/futbol/segunda/2017_2018/jornada/regular_a_28/,Almería - Cultural en directo,2 - 1,segunda
https://resultados.as.com/resultados/futbol/segunda/2017_2018/jornada/regular_a_28/,Barcelona B - Gimnàstic en directo,1 - 1,segunda
https://resultados.as.com/resultados/futbol/segunda/2017_2018/jornada/regular_a_28/,Cádiz - Lorca FC en directo,0 - 0,segunda
https://resultados.as.com/resultados/futbol/segunda/2017_2018/jornada/regular_a_28/,Rayo - Huesca en directo,3 - 0,segunda
https://resultados.as.com/resultados/futbol/segunda/2017_2018/jornada/regular_a_28/,Albacete - Numancia en directo,1 - 0,segunda
https://resultados.as.com/resultados/futbol/segunda/2017_2018/jornada/regular_a_28/,Córdoba - Valladolid en directo,2 - 1,segunda
https://resultados.as.com/resultados/futbol/segunda/2017_2018/jornada/regular_a_28/,Granada - Alcorcón en directo,2 - 0,segunda
https://resultados.as.com/resultados/futbol/segunda/2017_2018/jornada/regular_a_28/,Real Zaragoza - Oviedo en directo,2 - 1,segunda
https://resultados.as.com/resultados/futbol/segunda/2017_2018/jornada/regular_a_28/,Reus - Sevilla Atlético en directo,2 - 0,segunda
https://resultados.as.com/resultados/futbol/segunda/2017_2018/jornada/regular_a_28/,Tenerife - Lugo en directo,3 - 1,segunda
https://resultados.as.com/resultados/futbol/segunda/2017_2018/jornada/regular_a_31/,Cultural - Cádiz en directo,0 - 1,segunda
https://resultados.as.com/resultados/futbol/segunda/2017_2018/jornada/regular_a_31/,Lorca FC - Barcelona B en directo,1 - 1,segunda
https://resultados.as.com/resultados/futbol/segunda/2017_2018/jornada/regular_a_31/,Lugo - Alcorcón en directo,2 - 1,segunda
https://resultados.as.com/resultados/futbol/segunda/2017_2018/jornada/regular_a_31/,Osasuna - Real Zaragoza en directo,1 - 2,segunda
https://resultados.as.com/resultados/futbol/segunda/2017_2018/jornada/regular_a_31/,Gimnàstic - Córdoba en directo,0 - 2,segunda
https://resultados.as.com/resultados/futbol/segunda/2017_2018/jornada/regular_a_31/,Numancia - Tenerife en directo,2 - 0,segunda
https://resultados.as.com/resultados/futbol/segunda/2017_2018/jornada/regular_a_31/,Rayo - Reus en directo,3 - 2,segunda
https://resultados.as.com/resultados/futbol/segunda/2017_2018/jornada/regular_a_31/,Oviedo - Granada en directo,2 - 1,segunda
https://resultados.as.com/resultados/futbol/segunda/2017_2018/jornada/regular_a_31/,Valladolid - Almería en directo,2 - 1,segunda
https://resultados.as.com/resultados/futbol/segunda/2017_2018/jornada/regular_a_31/,Huesca - Sporting en directo,0 - 2,segunda
https://resultados.as.com/resultados/futbol/segunda/2017_2018/jornada/regular_a_30/,Tenerife - Oviedo en directo,3 - 1,segunda
https://resultados.as.com/resultados/futbol/segunda/2017_2018/jornada/regular_a_30/,Alcorcón - Valladolid en directo,0 - 0,segunda
https://resultados.as.com/resultados/futbol/segunda/2017_2018/jornada/regular_a_30/,Almería - Rayo en directo,0 - 1,segunda
https://resultados.as.com/resultados/futbol/segunda/2017_2018/jornada/regular_a_30/,Cádiz - Sevilla Atlético en directo,4 - 1,segunda
https://resultados.as.com/resultados/futbol/segunda/2017_2018/jornada/regular_a_30/,Granada - Gimnàstic en directo,0 - 1,segunda
https://resultados.as.com/resultados/futbol/segunda/2017_2018/jornada/regular_a_30/,Albacete - Osasuna en directo,0 - 0,segunda
https://resultados.as.com/resultados/futbol/segunda/2017_2018/jornada/regular_a_30/,Barcelona B - Numancia en directo,2 - 2,segunda
https://resultados.as.com/resultados/futbol/segunda/2017_2018/jornada/regular_a_30/,Córdoba - Lugo en directo,1 - 0,segunda
https://resultados.as.com/resultados/futbol/segunda/2017_2018/jornada/regular_a_30/,Real Zaragoza - Lorca FC en directo,3 - 1,segunda
https://resultados.as.com/resultados/futbol/segunda/2017_2018/jornada/regular_a_30/,Reus - Huesca en directo,0 - 0,segunda
https://resultados.as.com/resultados/futbol/segunda/2017_2018/jornada/regular_a_30/,Sporting - Cultural en directo,4 - 0,segunda
https://resultados.as.com/resultados/futbol/segunda/2017_2018/jornada/regular_a_36/,Córdoba - Sevilla Atlético en directo,3 - 0,segunda
https://resultados.as.com/resultados/futbol/segunda/2017_2018/jornada/regular_a_33/,Cultural - Real Zaragoza en directo,0 - 1,segunda
https://resultados.as.com/resultados/futbol/segunda/2017_2018/jornada/regular_a_36/,Oviedo - Valladolid en directo,1 - 2,segunda
https://resultados.as.com/resultados/futbol/segunda/2017_2018/jornada/regular_a_36/,Albacete - Reus en directo,0 - 1,segunda
https://resultados.as.com/resultados/futbol/segunda/2017_2018/jornada/regular_a_36/,Gimnàstic - Numancia en directo,0 - 0,segunda
https://resultados.as.com/resultados/futbol/segunda/2017_2018/jornada/regular_a_36/,Real Zaragoza - Almería en directo,2 - 1,segunda
https://resultados.as.com/resultados/futbol/segunda/2017_2018/jornada/regular_a_36/,Tenerife - Huesca en directo,2 - 4,segunda
https://resultados.as.com/resultados/futbol/segunda/2017_2018/jornada/regular_a_36/,Alcorcón - Osasuna en directo,0 - 0,segunda
https://resultados.as.com/resultados/futbol/segunda/2017_2018/jornada/regular_a_36/,Barcelona B - Rayo en directo,2 - 3,segunda
https://resultados.as.com/resultados/futbol/segunda/2017_2018/jornada/regular_a_36/,Cádiz - Sporting en directo,0 - 0,segunda
https://resultados.as.com/resultados/futbol/segunda/2017_2018/jornada/regular_a_36/,Granada - Cultural en directo,3 - 3,segunda
https://resultados.as.com/resultados/futbol/segunda/2017_2018/jornada/regular_a_36/,Lugo - Lorca FC en directo,1 - 1,segunda
https://resultados.as.com/resultados/futbol/segunda/2017_2018/jornada/regular_a_33/,Numancia - Córdoba en directo,2 - 1,segunda
https://resultados.as.com/resultados/futbol/segunda/2017_2018/jornada/regular_a_33/,Oviedo - Alcorcón en directo,0 - 1,segunda
https://resultados.as.com/resultados/futbol/segunda/2017_2018/jornada/regular_a_33/,Valladolid - Reus en directo,1 - 0,segunda
https://resultados.as.com/resultados/futbol/segunda/2017_2018/jornada/regular_a_33/,Almería - Sporting en directo,1 - 3,segunda
https://resultados.as.com/resultados/futbol/segunda/2017_2018/jornada/regular_a_33/,Gimnàstic - Lugo en directo,3 - 0,segunda
https://resultados.as.com/resultados/futbol/segunda/2017_2018/jornada/regular_a_33/,Lorca FC - Granada en directo,3 - 2,segunda
https://resultados.as.com/resultados/futbol/segunda/2017_2018/jornada/regular_a_33/,Osasuna - Tenerife en directo,0 - 1,segunda
https://resultados.as.com/resultados/futbol/segunda/2017_2018/jornada/regular_a_33/,Rayo - Cádiz en directo,1 - 1,segunda
https://resultados.as.com/resultados/futbol/segunda/2017_2018/jornada/regular_a_33/,Sevilla Atlético - Barcelona B en directo,3 - 1,segunda
https://resultados.as.com/resultados/futbol/segunda/2017_2018/jornada/regular_a_33/,Huesca - Albacete en directo,0 - 0,segunda
https://resultados.as.com/resultados/futbol/segunda/2017_2018/jornada/regular_a_29/,Oviedo - Barcelona B en directo,0 - 0,segunda
https://resultados.as.com/resultados/futbol/segunda/2017_2018/jornada/regular_a_32/,Albacete - Cultural en directo,0 - 0,segunda
https://resultados.as.com/resultados/futbol/segunda/2017_2018/jornada/regular_a_29/,Cultural - Reus en directo,2 - 0,segunda
https://resultados.as.com/resultados/futbol/segunda/2017_2018/jornada/regular_a_29/,Lugo - Granada en directo,2 - 1,segunda
https://resultados.as.com/resultados/futbol/segunda/2017_2018/jornada/regular_a_29/,Numancia - Real Zaragoza en directo,1 - 2,segunda
https://resultados.as.com/resultados/futbol/segunda/2017_2018/jornada/regular_a_29/,Osasuna - Cádiz en directo,1 - 0,segunda
https://resultados.as.com/resultados/futbol/segunda/2017_2018/jornada/regular_a_29/,Alcorcón - Córdoba en directo,1 - 2,segunda
https://resultados.as.com/resultados/futbol/segunda/2017_2018/jornada/regular_a_29/,Gimnàstic - Tenerife en directo,1 - 2,segunda
https://resultados.as.com/resultados/futbol/segunda/2017_2018/jornada/regular_a_29/,Huesca - Almería en directo,2 - 2,segunda
https://resultados.as.com/resultados/futbol/segunda/2017_2018/jornada/regular_a_29/,Lorca FC - Albacete en directo,1 - 2,segunda
https://resultados.as.com/resultados/futbol/segunda/2017_2018/jornada/regular_a_29/,Valladolid - Rayo en directo,1 - 1,segunda
https://resultados.as.com/resultados/futbol/segunda/2017_2018/jornada/regular_a_29/,Sevilla Atlético - Sporting en directo,0 - 1,segunda
https://resultados.as.com/resultados/futbol/segunda/2017_2018/jornada/regular_a_32/,Córdoba - Oviedo en directo,1 - 1,segunda
https://resultados.as.com/resultados/futbol/segunda/2017_2018/jornada/regular_a_32/,Lugo - Valladolid en directo,0 - 0,segunda
https://resultados.as.com/resultados/futbol/segunda/2017_2018/jornada/regular_a_32/,Reus - Almería en directo,1 - 0,segunda
https://resultados.as.com/resultados/futbol/segunda/2017_2018/jornada/regular_a_32/,Sporting - Rayo en directo,1 - 0,segunda
https://resultados.as.com/resultados/futbol/segunda/2017_2018/jornada/regular_a_35/,Cultural - Tenerife en directo,3 - 2,segunda
https://resultados.as.com/resultados/futbol/segunda/2017_2018/jornada/regular_a_32/,Alcorcón - Gimnàstic en directo,1 - 0,segunda
https://resultados.as.com/resultados/futbol/segunda/2017_2018/jornada/regular_a_32/,Barcelona B - Osasuna en directo,0 - 2,segunda
https://resultados.as.com/resultados/futbol/segunda/2017_2018/jornada/regular_a_32/,Granada - Numancia en directo,1 - 0,segunda
https://resultados.as.com/resultados/futbol/segunda/2017_2018/jornada/regular_a_32/,Real Zaragoza - Sevilla Atlético en directo,0 - 1,segunda
https://resultados.as.com/resultados/futbol/segunda/2017_2018/jornada/regular_a_32/,Tenerife - Lorca FC en directo,2 - 0,segunda
https://resultados.as.com/resultados/futbol/segunda/2017_2018/jornada/regular_a_32/,Cádiz - Huesca en directo,1 - 1,segunda
https://resultados.as.com/resultados/futbol/segunda/2017_2018/jornada/regular_a_35/,Lorca FC - Alcorcón en directo,1 - 1,segunda
https://resultados.as.com/resultados/futbol/segunda/2017_2018/jornada/regular_a_35/,Numancia - Lugo en directo,2 - 0,segunda
https://resultados.as.com/resultados/futbol/segunda/2017_2018/jornada/regular_a_35/,Reus - Cádiz en directo,1 - 0,segunda
https://resultados.as.com/resultados/futbol/segunda/2017_2018/jornada/regular_a_35/,Almería - Albacete en directo,1 - 1,segunda
https://resultados.as.com/resultados/futbol/segunda/2017_2018/jornada/regular_a_35/,Osasuna - Córdoba en directo,1 - 1,segunda
https://resultados.as.com/resultados/futbol/segunda/2017_2018/jornada/regular_a_35/,Rayo - Real Zaragoza en directo,2 - 1,segunda
https://resultados.as.com/resultados/futbol/segunda/2017_2018/jornada/regular_a_35/,Oviedo - Gimnàstic en directo,1 - 0,segunda
https://resultados.as.com/resultados/futbol/segunda/2017_2018/jornada/regular_a_35/,Valladolid - Sporting en directo,0 - 1,segunda
https://resultados.as.com/resultados/futbol/segunda/2017_2018/jornada/regular_a_35/,Sevilla Atlético - Granada en directo,0 - 0,segunda
https://resultados.as.com/resultados/futbol/segunda/2017_2018/jornada/regular_a_35/,Huesca - Barcelona B en directo,2 - 1,segunda
https://resultados.as.com/resultados/futbol/segunda/2017_2018/jornada/regular_a_34/,Cádiz - Almería en directo,0 - 0,segunda
https://resultados.as.com/resultados/futbol/segunda/2017_2018/jornada/regular_a_34/,Albacete - Rayo en directo,0 - 1,segunda
https://resultados.as.com/resultados/futbol/segunda/2017_2018/jornada/regular_a_34/,Alcorcón - Numancia en directo,0 - 1,segunda
https://resultados.as.com/resultados/futbol/segunda/2017_2018/jornada/regular_a_34/,Barcelona B - Cultural en directo,0 - 1,segunda
https://resultados.as.com/resultados/futbol/segunda/2017_2018/jornada/regular_a_34/,Granada - Osasuna en directo,1 - 1,segunda
https://resultados.as.com/resultados/futbol/segunda/2017_2018/jornada/regular_a_34/,Real Zaragoza - Huesca en directo,1 - 0,segunda
https://resultados.as.com/resultados/futbol/segunda/2017_2018/jornada/regular_a_34/,Córdoba - Lorca FC en directo,1 - 0,segunda
https://resultados.as.com/resultados/futbol/segunda/2017_2018/jornada/regular_a_34/,Gimnàstic - Valladolid en directo,1 - 0,segunda
https://resultados.as.com/resultados/futbol/segunda/2017_2018/jornada/regular_a_34/,Lugo - Oviedo en directo,0 - 1,segunda
https://resultados.as.com/resultados/futbol/segunda/2017_2018/jornada/regular_a_34/,Sporting - Reus en directo,2 - 1,segunda
https://resultados.as.com/resultados/futbol/segunda/2017_2018/jornada/regular_a_34/,Tenerife - Sevilla Atlético en directo,2 - 0,segunda
